Pathway identifier,Pathway name,#Entities found,#Entities total,#Interactors found,#Interactors total,Entities ratio,Entities pValue,Entities FDR,#Reactions found,#Reactions total,Reactions ratio,Species identifier,Species name,Submitted entities found,Mapped entities,Submitted entities hit interactor,Interacts with,Found reaction identifiers
R-HSA-877300,"Interferon gamma signaling",10,177,3,462,0.011021170610211706,7.2035996385722E-6,0.005856526506159199,2,23,0.0014787193005014788,9606,Homo sapiens,"HLA-DRB5;HLA-B;HLA-A;HLA-DQA1;HLA-DQB1","ENSG00000206503;P04439;ENSG00000179344;P01889;ENSG00000234745;P01920;ENSG00000198502;P01909;ENSG00000196735;Q30154",HLA-A;APOE;HLA-B,P61769;P02795,"R-HSA-1031716;R-HSA-1031713"
R-HSA-202430,"Translocation of ZAP-70 to Immunological synapse",3,30,0,14,0.0018679950186799503,1.888487264422034E-4,0.06104865833694961,4,4,2.5716857400025716E-4,9606,Homo sapiens,"HLA-DRB5;HLA-DQA1;HLA-DQB1","",,,"R-HSA-8855381;R-HSA-202168;R-HSA-202344;R-HSA-202174"
R-HSA-6802948,"Signaling by high-kinase activity BRAF mutants",3,44,0,0,0.0027397260273972603,2.494173705622771E-4,0.06104865833694961,4,6,3.8575286100038574E-4,9606,Homo sapiens,"FN1;ACTG1","",,,"R-HSA-6802912;R-HSA-6802911;R-HSA-6802910;R-HSA-6803227"
R-HSA-9656223,"Signaling by RAF1 mutants",3,49,0,0,0.0030510585305105853,3.4115523926769864E-4,0.06104865833694961,4,7,4.5004500450045E-4,9606,Homo sapiens,"FN1;ACTG1","",,,"R-HSA-9656211;R-HSA-9656209;R-HSA-9656215;R-HSA-9656214"
R-HSA-5674135,"MAP2K and MAPK activation",3,49,0,2,0.0030510585305105853,3.8317131149712136E-4,0.06104865833694961,8,12,7.715057220007715E-4,9606,Homo sapiens,"FN1;ACTG1","",,,"R-HSA-9657603;R-HSA-5672980;R-HSA-5672978;R-HSA-9657606;R-HSA-5672972;R-HSA-9657608;R-HSA-5672973;R-HSA-9657599"
R-HSA-389948,"Co-inhibition by PD-1",3,33,0,24,0.002054794520547945,4.5221228397740454E-4,0.06104865833694961,1,5,3.2146071750032145E-4,9606,Homo sapiens,"HLA-DRB5;HLA-DQA1;HLA-DQB1","",,,"R-HSA-389758"
R-HSA-1236977,"Endosomal/Vacuolar pathway",2,15,0,0,9.339975093399751E-4,7.959166125287576E-4,0.06676833774923341,3,4,2.5716857400025716E-4,9606,Homo sapiens,"HLA-B;HLA-A","",,,"R-HSA-1236964;R-HSA-1236954;R-HSA-1236943"
R-HSA-202427,"Phosphorylation of CD3 and TCR zeta chains",3,33,0,40,0.002054794520547945,9.164589892810548E-4,0.06676833774923341,5,7,4.5004500450045E-4,9606,Homo sapiens,"HLA-DRB5;HLA-DQA1;HLA-DQB1","",,,"R-HSA-202291;R-HSA-202214;R-HSA-202165;R-HSA-202233;R-HSA-8852200"
R-HSA-6802952,"Signaling by BRAF and RAF1 fusions",3,73,0,0,0.004545454545454545,0.0010769086733747324,0.06676833774923341,4,5,3.2146071750032145E-4,9606,Homo sapiens,"FN1;ACTG1","",,,"R-HSA-6802935;R-HSA-6802934;R-HSA-6802933;R-HSA-6802932"
R-HSA-9649948,"Signaling downstream of RAS mutants",3,54,0,19,0.0033623910336239102,0.0010769086733747324,0.06676833774923341,4,7,4.5004500450045E-4,9606,Homo sapiens,"FN1;ACTG1","",,,"R-HSA-6803233;R-HSA-6802926;R-HSA-6802925;R-HSA-6802922"
R-HSA-6802946,"Signaling by moderate kinase activity BRAF mutants",3,54,0,19,0.0033623910336239102,0.0010769086733747324,0.06676833774923341,4,7,4.5004500450045E-4,9606,Homo sapiens,"FN1;ACTG1","",,,"R-HSA-6802919;R-HSA-6802914;R-HSA-6803230;R-HSA-6802921"
R-HSA-6802955,"Paradoxical activation of RAF signaling by kinase inactive BRAF",3,54,0,19,0.0033623910336239102,0.0010769086733747324,0.06676833774923341,4,7,4.5004500450045E-4,9606,Homo sapiens,"FN1;ACTG1","",,,"R-HSA-6802918;R-HSA-6803234;R-HSA-6802943;R-HSA-6802942"
R-HSA-6802949,"Signaling by RAS mutants",3,54,0,19,0.0033623910336239102,0.0010769086733747324,0.06676833774923341,4,9,5.786292915005787E-4,9606,Homo sapiens,"FN1;ACTG1","",,,"R-HSA-6803233;R-HSA-6802926;R-HSA-6802925;R-HSA-6802922"
R-HSA-9734767,"Developmental Cell Lineages",5,249,0,45,0.015504358655043586,0.0012194027835851218,0.06772081099356231,4,17,0.001092966439501093,9606,Homo sapiens,"CD74;FN1;VIM","",,,"R-HSA-9925879;R-HSA-9925892;R-HSA-9910607;R-HSA-9853402"
R-HSA-9925563,"Developmental Lineage of Pancreatic Ductal Cells",3,77,0,0,0.004794520547945206,0.001254089092473376,0.06772081099356231,2,2,1.2858428700012858E-4,9606,Homo sapiens,"CD74;FN1","",,,"R-HSA-9910607;R-HSA-9853402"
R-HSA-196025,"Formation of annular gap junctions",2,11,0,10,6.849315068493151E-4,0.0015437002072534733,0.07718501036267367,2,2,1.2858428700012858E-4,9606,Homo sapiens,"ACTG1","",,,"R-HSA-196017;R-HSA-196026"
R-HSA-6785807,"Interleukin-4 and Interleukin-13 signaling",6,211,0,276,0.013138231631382316,0.001823214608853596,0.08569108661611902,3,47,0.0030217307445030215,9606,Homo sapiens,"FN1;HMOX1;VIM","",,,"R-HSA-6785895;R-HSA-6797268;R-HSA-6790041"
R-HSA-5663213,"RHO GTPases Activate WASPs and WAVEs",3,41,0,70,0.002552926525529265,0.0024122482921231647,0.10855117314554241,4,10,6.429214350006429E-4,9606,Homo sapiens,"ARPC1B;ACTG1","",,,"R-HSA-2029466;R-HSA-442592;R-HSA-2197690;R-HSA-2029473"
R-HSA-2132295,"MHC class II antigen presentation",5,137,1,229,0.008530510585305106,0.003052486377477792,0.12820442785406727,25,26,0.0016715957310016716,9606,Homo sapiens,"CD74;HLA-DRB5;CTSD;HLA-DQA1;HLA-DQB1","P07339;P01920;P01909;P04233;Q30154",HLA-DQA1,P04233,"R-HSA-2130336;R-HSA-8951498;R-HSA-8951500;R-HSA-2130725;R-HSA-2130731;R-HSA-2130349;R-HSA-2130478;R-HSA-2213235;R-HSA-2213236;R-HSA-2130486;R-HSA-2213239;R-HSA-2213241;R-HSA-2213243;R-HSA-8856157;R-HSA-2130619;R-HSA-2213244;R-HSA-2213246;R-HSA-2213248;R-HSA-2130500;R-HSA-2130504;R-HSA-2130378;R-HSA-2130640;R-HSA-2130641;R-HSA-2130706;R-HSA-2130393"
R-HSA-6802957,"Oncogenic MAPK signaling",3,93,0,19,0.005790784557907846,0.0036076300014434848,0.14185030521393616,24,46,0.0029574386010029576,9606,Homo sapiens,"FN1;ACTG1","",,,"R-HSA-9656211;R-HSA-6802919;R-HSA-6802918;R-HSA-9656209;R-HSA-9656215;R-HSA-9656214;R-HSA-6802914;R-HSA-6803234;R-HSA-6803233;R-HSA-6802912;R-HSA-6802926;R-HSA-6802925;R-HSA-6802922;R-HSA-6802921;R-HSA-6802935;R-HSA-6802934;R-HSA-6802933;R-HSA-6802932;R-HSA-6802943;R-HSA-6802911;R-HSA-6802942;R-HSA-6802910;R-HSA-6803230;R-HSA-6803227"
R-HSA-445095,"Interaction between L1 and Ankyrins",2,33,0,0,0.002054794520547945,0.0037329027687877936,0.14185030521393616,2,4,2.5716857400025716E-4,9606,Homo sapiens,"ACTG1","",,,"R-HSA-392751;R-HSA-373739"
R-HSA-190873,"Gap junction degradation",2,12,0,30,7.471980074719801E-4,0.005417974517563207,0.19504708263227544,4,4,2.5716857400025716E-4,9606,Homo sapiens,"ACTG1","",,,"R-HSA-196017;R-HSA-190519;R-HSA-196026;R-HSA-190829"
R-HSA-168256,"Immune System",32,2664,21,6396,0.16587795765877958,0.006647178719387026,0.23058572160508184,156,1733,0.11141828468561142,9606,Homo sapiens,"IL32;CFD;CD74;HLA-DRB5;ARPC1B;HLA-B;FN1;HLA-A;PLD3;ACTG1;FTH1;CCL5;PCBP2;HMOX1;VIM;CD68;CTSD;CD99;HLA-DQA1;HLA-DQB1;C1QC","P24001;P04439;ENSG00000179344;O15143;P13501;ENSG00000026025;ENSG00000115414;ENSG00000198502;Q8IV08;P63261;P02747;P00746;ENSG00000234745;Q96BZ4;Q15366;P07339;ENSG00000100292;P60709;P14209;P34810;P01909;ENSG00000196735;P08670;ENSG00000206503;P01889;P01920;ENSG00000271503;P09601;P04233;P02751;Q30154;P02794",CCL5;IL32;PLD3;ARPC1B;HLA-A;FTH1;GAPDH;CD74;IL32;ACTG1;VIM;VIM;IL32;FN1;APOE;HLA-A;HLA-B;HLA-B;HMOX1;FN1;HLA-DQA1,P08603;P00441;Q6ISS4;Q9NZC2;Q14974;O15533;P06241;Q53EL6;P24158;Q8TBC4;Q04206;P17612;P19838;P42768;P23528;Q05655;Q9BQ95;P02748;P37840;P35222;P26441;P02795;P61769;Q16623;P10636-8;P07225;P04233;P63104;Q9Y6K9;Q9HC29;P43629;P10599;Q9P296;Q9UBD9;Q9UHD2;O60437,"R-HSA-6785895;R-HSA-199169;R-HSA-8862084;R-HSA-2130725;R-HSA-9836435;R-HSA-202245;R-HSA-2130731;R-HSA-202248;R-HSA-2130478;R-HSA-9676160;R-HSA-2130486;R-HSA-9605259;R-HSA-913451;R-HSA-198955;R-HSA-1031716;R-HSA-8863914;R-HSA-1031713;R-HSA-202291;R-HSA-990526;R-HSA-2130706;R-HSA-5696357;R-HSA-9823910;R-HSA-451634;R-HSA-8938431;R-HSA-173626;R-HSA-173631;R-HSA-202307;R-HSA-8951498;R-HSA-8951499;R-HSA-8951500;R-HSA-622415;R-HSA-399950;R-HSA-448591;R-HSA-8950721;R-HSA-9680348;R-HSA-990528;R-HSA-183122;R-HSA-2213235;R-HSA-2213236;R-HSA-6800434;R-HSA-2213239;R-HSA-1006169;R-HSA-2213241;R-HSA-2213243;R-HSA-2530429;R-HSA-449117;R-HSA-2213244;R-HSA-2213246;R-HSA-8863973;R-HSA-430180;R-HSA-5660980;R-HSA-166753;R-HSA-983148;R-HSA-5607734;R-HSA-2130500;R-HSA-983146;R-HSA-983145;R-HSA-2130504;R-HSA-983142;R-HSA-976743;R-HSA-202344;R-HSA-983138;R-HSA-8852200;R-HSA-6801687;R-HSA-983422;R-HSA-983421;R-HSA-913529;R-HSA-983161;R-HSA-912757;R-HSA-5607725;R-HSA-210298;R-HSA-389758;R-HSA-8950771;R-HSA-210300;R-HSA-2130336;R-HSA-199043;R-HSA-2029471;R-HSA-2029466;R-HSA-8852481;R-HSA-166792;R-HSA-983427;R-HSA-3134883;R-HSA-2130349;R-HSA-983426;R-HSA-199566;R-HSA-983425;R-HSA-976768;R-HSA-983424;R-HSA-9709831;R-HSA-909721;R-HSA-5609665;R-HSA-9757954;R-HSA-3134904;R-HSA-1015702;R-HSA-3134901;R-HSA-2130619;R-HSA-199576;R-HSA-2197690;R-HSA-1015699;R-HSA-173725;R-HSA-1834939;R-HSA-2213248;R-HSA-8951595;R-HSA-9008684;R-HSA-2530445;R-HSA-1606324;R-HSA-8852266;R-HSA-981665;R-HSA-173745;R-HSA-6797268;R-HSA-202165;R-HSA-2029476;R-HSA-202168;R-HSA-202174;R-HSA-8950581;R-HSA-5696491;R-HSA-2029473;R-HSA-964811;R-HSA-1861595;R-HSA-6784160;R-HSA-1236954;R-HSA-1250264;R-HSA-6783670;R-HSA-8855381;R-HSA-3249378;R-HSA-166869;R-HSA-8856157;R-HSA-1236943;R-HSA-168412;R-HSA-1250253;R-HSA-9836404;R-HSA-202214;R-HSA-442592;R-HSA-9710963;R-HSA-2130378;R-HSA-202216;R-HSA-3134914;R-HSA-389354;R-HSA-2130640;R-HSA-6798743;R-HSA-2130641;R-HSA-9828196;R-HSA-9021306;R-HSA-1250272;R-HSA-6798739;R-HSA-8863858;R-HSA-1236964;R-HSA-1236965;R-HSA-2130393;R-HSA-1236971;R-HSA-202233;R-HSA-6798749;R-HSA-1250280;R-HSA-6798748;R-HSA-6790041;R-HSA-6798745"
R-HSA-9035034,"RHOF GTPase cycle",2,46,0,0,0.00286425902864259,0.0070907793438771405,0.23058572160508184,1,3,1.9287643050019287E-4,9606,Homo sapiens,"ACTG1","",,,"R-HSA-9693125"
R-HSA-9927432,"Developmental Lineage of Mammary Gland Myoepithelial Cells",2,35,0,13,0.0021793275217932753,0.00738955177267786,0.23058572160508184,2,2,1.2858428700012858E-4,9606,Homo sapiens,"VIM","",,,"R-HSA-9925879;R-HSA-9925892"
R-HSA-2029480,"Fcgamma receptor (FCGR) dependent phagocytosis",5,193,1,281,0.012017434620174346,0.007438249084034898,0.23058572160508184,8,42,0.0027002700270027003,9606,Homo sapiens,"ARPC1B;PLD3;ACTG1","P63261;P60709;O15143;Q96BZ4;Q8IV08",ACTG1,P23528,"R-HSA-2029471;R-HSA-2029466;R-HSA-442592;R-HSA-1861595;R-HSA-399950;R-HSA-2029476;R-HSA-2197690;R-HSA-2029473"
R-HSA-3000480,"Scavenging by Class A Receptors",2,49,0,0,0.0030510585305105853,0.008003927210071482,0.24011781630214446,4,10,6.429214350006429E-4,9606,Homo sapiens,"FTH1;APOE","",,,"R-HSA-2187266;R-HSA-2173778;R-HSA-2507854;R-HSA-2299677"
R-HSA-9707587,"Regulation of HMOX1 expression and activity",2,6,0,45,3.7359900373599005E-4,0.008640532447176663,0.24193490852094657,4,4,2.5716857400025716E-4,9606,Homo sapiens,"HMOX1","",,,"R-HSA-9707645;R-HSA-9708558;R-HSA-9708536;R-HSA-9708457"
R-HSA-5626467,"RHO GTPases activate IQGAPs",2,36,0,16,0.00224159402241594,0.008640532447176663,0.24193490852094657,1,5,3.2146071750032145E-4,9606,Homo sapiens,"ACTG1","",,,"R-HSA-5626507"
R-HSA-6798695,"Neutrophil degranulation",5,478,0,0,0.029763387297633875,0.009757041989292836,0.2634401337109066,6,10,6.429214350006429E-4,9606,Homo sapiens,"CFD;FTH1;HLA-B;CD68;CTSD","",,,"R-HSA-6798743;R-HSA-6798739;R-HSA-6800434;R-HSA-6798749;R-HSA-6798748;R-HSA-6798745"
R-HSA-9706574,"RHOBTB GTPase Cycle",2,36,0,22,0.00224159402241594,0.010327655974632477,0.2685190553404444,2,4,2.5716857400025716E-4,9606,Homo sapiens,"VIM;ACTG1","",,,"R-HSA-9018778;R-HSA-9018787"
R-HSA-9924644,"Developmental Lineages of the Mammary Gland",2,44,0,20,0.0027397260273972603,0.012913050120880731,0.3228262530220183,2,3,1.9287643050019287E-4,9606,Homo sapiens,"VIM","",,,"R-HSA-9925879;R-HSA-9925892"
R-HSA-9820448,"Developmental Cell Lineages of the Exocrine Pancreas",3,170,0,21,0.010585305105853052,0.015380373758057009,0.3691289701933682,2,10,6.429214350006429E-4,9606,Homo sapiens,"CD74;FN1","",,,"R-HSA-9910607;R-HSA-9853402"
R-HSA-9913351,"Formation of the dystrophin-glycoprotein complex (DGC)",2,37,0,39,0.002303860523038605,0.017479621305437343,0.4020312900250589,2,11,7.072135785007072E-4,9606,Homo sapiens,"ACTG1","",,,"R-HSA-9913335;R-HSA-9914537"
R-HSA-9662361,"Sensory processing of sound by outer hair cells of the cochlea",2,64,0,13,0.00398505603985056,0.018827611514046327,0.43303506482306553,1,8,5.143371480005143E-4,9606,Homo sapiens,"ACTG1","",,,"R-HSA-9663363"
R-HSA-9012999,"RHO GTPase cycle",5,460,0,135,0.028642590286425903,0.020133679676164307,0.44294095287561475,4,91,0.0058505850585058505,9606,Homo sapiens,"IL32;VIM;ACTG1","",,,"R-HSA-9018808;R-HSA-9018778;R-HSA-9693125;R-HSA-9018787"
R-HSA-167826,"The fatty acid cycling model",1,8,0,0,4.9813200498132E-4,0.021492467204927923,0.4513418113034864,3,6,3.8575286100038574E-4,9606,Homo sapiens,"UCP2","",,,"R-HSA-166387;R-HSA-166214;R-HSA-166220"
R-HSA-9636249,"Inhibition of nitric oxide production",0,5,1,3,3.1133250311332503E-4,0.021492467204927923,0.4513418113034864,1,5,3.2146071750032145E-4,9606,Homo sapiens,"","",GAPDH,P35228,"R-HSA-9636261"
R-HSA-202433,"Generation of second messenger molecules",3,47,1,196,0.0029265255292652555,0.025215018841622916,0.4714203058670805,4,17,0.001092966439501093,9606,Homo sapiens,"HLA-DRB5;HLA-DQA1;HLA-DQB1","P01920;P01909;Q30154",ARPC1B,P42768,"R-HSA-430180;R-HSA-202245;R-HSA-202248;R-HSA-202216"
R-HSA-9664417,"Leishmania phagocytosis",3,157,0,92,0.009775840597758406,0.025777630559431164,0.4714203058670805,6,27,0.001735887874501736,9606,Homo sapiens,"ARPC1B;ACTG1","",,,"R-HSA-2029466;R-HSA-442592;R-HSA-1861595;R-HSA-9666458;R-HSA-2197690;R-HSA-2029473"
R-HSA-9664407,"Parasite infection",3,157,0,92,0.009775840597758406,0.025777630559431164,0.4714203058670805,6,27,0.001735887874501736,9606,Homo sapiens,"ARPC1B;ACTG1","",,,"R-HSA-2029466;R-HSA-442592;R-HSA-1861595;R-HSA-9666458;R-HSA-2197690;R-HSA-2029473"
R-HSA-9664422,"FCGR3A-mediated phagocytosis",3,157,0,92,0.009775840597758406,0.025777630559431164,0.4714203058670805,6,27,0.001735887874501736,9606,Homo sapiens,"ARPC1B;ACTG1","",,,"R-HSA-2029466;R-HSA-442592;R-HSA-1861595;R-HSA-9666458;R-HSA-2197690;R-HSA-2029473"
R-HSA-1483148,"Synthesis of PG",2,21,0,71,0.001307596513075965,0.026190016992615583,0.4714203058670805,1,5,3.2146071750032145E-4,9606,Homo sapiens,"PLD3","",,,"R-HSA-1483142"
R-HSA-3928662,"EPHB-mediated forward signaling",3,52,2,200,0.0032378580323785804,0.027799922650143305,0.5003986077025795,3,26,0.0016715957310016716,9606,Homo sapiens,"ARPC1B;ACTG1","P63261;P60709;O15143",ACTG1;ARPC1B,O00401;P23528,"R-HSA-3928600;R-HSA-3928595;R-HSA-3928608"
R-HSA-202424,"Downstream TCR signaling",3,99,0,175,0.0061643835616438354,0.030832018816901563,0.5355394960878113,1,24,0.001543011444001543,9606,Homo sapiens,"HLA-DRB5;HLA-DQA1;HLA-DQB1","",,,"R-HSA-202307"
R-HSA-114608,"Platelet degranulation ",3,142,1,112,0.00884184308841843,0.03177437659253024,0.5355394960878113,3,11,7.072135785007072E-4,9606,Homo sapiens,"CFD;FN1;TAGLN2","P00746;P37802;P02751",VIM,P11021,"R-HSA-482772;R-HSA-481007;R-HSA-351323"
R-HSA-9700645,"ALK mutants bind TKIs",1,12,0,0,7.471980074719801E-4,0.032067410873467206,0.5355394960878113,1,1,6.429214350006429E-5,9606,Homo sapiens,"FN1","",,,"R-HSA-9700131"
R-HSA-3928665,"EPH-ephrin mediated repulsion of cells",2,55,0,52,0.003424657534246575,0.033939014532411105,0.5355394960878113,1,9,5.786292915005787E-4,9606,Homo sapiens,"ACTG1","",,,"R-HSA-3928654"
R-HSA-8964041,"LDL remodeling",0,10,1,3,6.226650062266501E-4,0.03469350699194862,0.5355394960878113,1,3,1.9287643050019287E-4,9606,Homo sapiens,"","",FN1,P08519,"R-HSA-176879"
R-HSA-166665,"Terminal pathway of complement",0,8,1,6,4.9813200498132E-4,0.03469350699194862,0.5355394960878113,1,5,3.2146071750032145E-4,9606,Homo sapiens,"","",APOE,P02748,"R-HSA-173725"
R-HSA-8957275,"Post-translational protein phosphorylation",2,109,0,0,0.006787048567870485,0.03570263307252075,0.5355394960878113,1,1,6.429214350006429E-5,9606,Homo sapiens,"FN1;APOE","",,,"R-HSA-8952289"
R-HSA-389397,"Orexin and neuropeptides FF and QRFP bind to their respective receptors",0,8,1,6,4.9813200498132E-4,0.037312584310762675,0.5370586068337619,2,4,2.5716857400025716E-4,9606,Homo sapiens,"","",HLA-DQA1,O43612,"R-HSA-389487;R-HSA-389481"
R-HSA-9734779,"Developmental Cell Lineages of the Integumentary System",2,85,0,33,0.005292652552926526,0.04057436397176262,0.5370586068337619,2,7,4.5004500450045E-4,9606,Homo sapiens,"VIM","",,,"R-HSA-9925879;R-HSA-9925892"
R-HSA-9818026,"NFE2L2 regulating inflammation associated genes",0,7,1,11,4.3586550435865506E-4,0.04512788798738043,0.5370586068337619,1,3,1.9287643050019287E-4,9606,Homo sapiens,"","",CCL5,P13500,"R-HSA-9796070"
R-HSA-3000497,"Scavenging by Class H Receptors",0,15,1,2,9.339975093399751E-4,0.04512788798738043,0.5370586068337619,1,4,2.5716857400025716E-4,9606,Homo sapiens,"","",FN1,Q9NY15,"R-HSA-2197770"
R-HSA-9662360,"Sensory processing of sound by inner hair cells of the cochlea",2,76,0,56,0.004732254047322541,0.050334503633670646,0.5370586068337619,1,7,4.5004500450045E-4,9606,Homo sapiens,"ACTG1","",,,"R-HSA-9659380"
R-HSA-9933947,"Formation of the non-canonical BAF (ncBAF) complex",1,17,0,6,0.0010585305105853052,0.05288068472732588,0.5370586068337619,1,2,1.2858428700012858E-4,9606,Homo sapiens,"ACTG1","",,,"R-HSA-9933236"
R-HSA-9034013,"NTF3 activates NTRK3 signaling",0,4,1,16,2.4906600249066E-4,0.05288068472732588,0.5370586068337619,1,2,1.2858428700012858E-4,9606,Homo sapiens,"","",HLA-A,Q16288,"R-HSA-9034016"
R-HSA-9636667,"Manipulation of host energy metabolism",0,3,1,17,1.8679950186799502E-4,0.05288068472732588,0.5370586068337619,1,2,1.2858428700012858E-4,9606,Homo sapiens,"","",GAPDH,P00558,"R-HSA-9636658"
R-HSA-437239,"Recycling pathway of L1",2,55,0,93,0.003424657534246575,0.057262798553791794,0.5370586068337619,3,14,9.000900090009E-4,9606,Homo sapiens,"ACTG1","",,,"R-HSA-443779;R-HSA-445089;R-HSA-373736"
R-HSA-3000171,"Non-integrin membrane-ECM interactions",3,83,1,256,0.005168119551681195,0.05751791259979733,0.5370586068337619,5,33,0.0021216407355021216,9606,Homo sapiens,"FN1;ACTG1","P63261;P60709;P02751",FN1,P07996,"R-HSA-9913335;R-HSA-2681675;R-HSA-2396337;R-HSA-2731141;R-HSA-9914537"
R-HSA-9659379,"Sensory processing of sound",2,87,0,56,0.005417185554171856,0.05797311077959755,0.5370586068337619,2,13,8.357978655008358E-4,9606,Homo sapiens,"ACTG1","",,,"R-HSA-9663363;R-HSA-9659380"
R-HSA-9818027,"NFE2L2 regulating anti-oxidant/detoxification enzymes",2,40,2,111,0.0024906600249066002,0.05940298932309174,0.5370586068337619,4,28,0.0018001800180018,9606,Homo sapiens,"HMOX1","ENSG00000100292;P09601",APOE;GAPDH,P18848;P10599,"R-HSA-9761815;R-HSA-9759137;R-HSA-9796045;R-HSA-9759176"
R-HSA-2029482,"Regulation of actin dynamics for phagocytic cup formation",3,158,1,199,0.009838107098381071,0.06365798563226643,0.5370586068337619,7,24,0.001543011444001543,9606,Homo sapiens,"ARPC1B;ACTG1","P63261;P60709;O15143",ACTG1,P23528,"R-HSA-2029466;R-HSA-442592;R-HSA-1861595;R-HSA-399950;R-HSA-2029476;R-HSA-2197690;R-HSA-2029473"
R-HSA-76005,"Response to elevated platelet cytosolic Ca2+",3,149,1,195,0.009277708592777085,0.06501204872792388,0.5370586068337619,3,14,9.000900090009E-4,9606,Homo sapiens,"CFD;FN1;TAGLN2","P00746;P37802;P02751",VIM,P11021,"R-HSA-482772;R-HSA-481007;R-HSA-351323"
R-HSA-9609523,"Insertion of tail-anchored proteins into the endoplasmic reticulum membrane",1,25,0,0,0.001556662515566625,0.06566444402117655,0.5370586068337619,5,7,4.5004500450045E-4,9606,Homo sapiens,"HMOX1","",,,"R-HSA-9609921;R-HSA-9609860;R-HSA-9610442;R-HSA-9609899;R-HSA-9609917"
R-HSA-166187,"Mitochondrial Uncoupling",1,20,0,5,0.0012453300124533001,0.06566444402117655,0.5370586068337619,3,10,6.429214350006429E-4,9606,Homo sapiens,"UCP2","",,,"R-HSA-166387;R-HSA-166214;R-HSA-166220"
R-HSA-8951671,"RUNX3 regulates YAP1-mediated transcription",0,9,1,17,5.60398505603985E-4,0.06820072324355797,0.5370586068337619,1,3,1.9287643050019287E-4,9606,Homo sapiens,"","",FN1,P29279,"R-HSA-1989766"
R-HSA-8941332,"RUNX2 regulates genes involved in cell migration",0,14,1,12,8.717310087173101E-4,0.06820072324355797,0.5370586068337619,1,7,4.5004500450045E-4,9606,Homo sapiens,"","",FN1,P08648,"R-HSA-8939667"
R-HSA-9013418,"RHOBTB2 GTPase cycle",1,24,0,5,0.0014943960149439602,0.07325295260465858,0.5370586068337619,1,2,1.2858428700012858E-4,9606,Homo sapiens,"ACTG1","",,,"R-HSA-9018787"
R-HSA-166663,"Initial triggering of complement",2,120,0,45,0.007471980074719801,0.07434507779263211,0.5370586068337619,6,21,0.0013501350135013501,9606,Homo sapiens,"CFD;C1QC","",,,"R-HSA-183122;R-HSA-166753;R-HSA-173745;R-HSA-173626;R-HSA-166792;R-HSA-173631"
R-HSA-909733,"Interferon alpha/beta signaling",4,129,1,485,0.008032378580323785,0.07564742863062546,0.5370586068337619,5,25,0.0016073035875016073,9606,Homo sapiens,"HLA-B;HLA-A","ENSG00000206503;P04439;P01889;ENSG00000234745",CD74,Q14974,"R-HSA-909721;R-HSA-913529;R-HSA-9710963;R-HSA-1015702;R-HSA-1015699"
R-HSA-389957,"Prefoldin mediated transfer of substrate  to CCT/TriC",1,29,0,0,0.0018057285180572852,0.07576893842235077,0.5370586068337619,2,2,1.2858428700012858E-4,9606,Homo sapiens,"ACTG1","",,,"R-HSA-389970;R-HSA-389980"
R-HSA-173736,"Alternative complement activation",1,6,0,23,3.7359900373599005E-4,0.07576893842235077,0.5370586068337619,2,9,5.786292915005787E-4,9606,Homo sapiens,"CFD","",,,"R-HSA-183122;R-HSA-173745"
R-HSA-164940,"Nef mediated downregulation of MHC class I complex cell surface expression",1,11,0,20,6.849315068493151E-4,0.08078074118278222,0.5370586068337619,4,4,2.5716857400025716E-4,9606,Homo sapiens,"HLA-A","",,,"R-HSA-182243;R-HSA-182279;R-HSA-182263;R-HSA-182286"
R-HSA-388841,"Regulation of T cell activation by CD28 family",3,92,2,296,0.00572851805728518,0.08177287008130352,0.5370586068337619,2,35,0.0022502250225022503,9606,Homo sapiens,"HLA-DRB5;HLA-DQA1;HLA-DQB1","P01920;P01909;Q30154",GAPDH;FN1,P06241,"R-HSA-389758;R-HSA-389354"
R-HSA-190828,"Gap junction trafficking",2,52,0,133,0.0032378580323785804,0.08544294802058172,0.5370586068337619,4,20,0.0012858428700012858,9606,Homo sapiens,"ACTG1","",,,"R-HSA-196017;R-HSA-190519;R-HSA-196026;R-HSA-190829"
R-HSA-6783783,"Interleukin-10 signaling",2,86,0,98,0.005354919053549191,0.08625407687893982,0.5370586068337619,1,15,9.643821525009644E-4,9606,Homo sapiens,"CCL5","",,,"R-HSA-6784160"
R-HSA-2029485,"Role of phospholipids in phagocytosis",2,129,0,65,0.008032378580323785,0.09616631346307791,0.5370586068337619,1,12,7.715057220007715E-4,9606,Homo sapiens,"PLD3","",,,"R-HSA-2029471"
R-HSA-1663150,"The activation of arylsulfatases",0,18,1,25,0.00112079701120797,0.09811212905693156,0.5370586068337619,1,2,1.2858428700012858E-4,9606,Homo sapiens,"","",CTSD,Q8NBJ7,"R-HSA-1614336"
R-HSA-8866654,"E3 ubiquitin ligases ubiquitinate target proteins",2,60,0,146,0.0037359900373599006,0.09869378062725054,0.5370586068337619,2,16,0.0010286742960010286,9606,Homo sapiens,"HLA-B;HLA-A","",,,"R-HSA-8943080;R-HSA-8943083"
R-HSA-157858,"Gap junction trafficking and regulation",2,57,0,149,0.0035491905354919054,0.10038924348031886,0.5370586068337619,4,24,0.001543011444001543,9606,Homo sapiens,"ACTG1","",,,"R-HSA-196017;R-HSA-190519;R-HSA-196026;R-HSA-190829"
R-HSA-1855204,"Synthesis of IP3 and IP4 in the cytosol",1,39,0,0,0.0024283935242839353,0.1005616183011937,0.5370586068337619,1,12,7.715057220007715E-4,9606,Homo sapiens,"PLD3","",,,"R-HSA-1855214"
R-HSA-9638630,"Attachment of bacteria to epithelial cells",1,32,0,9,0.00199252801992528,0.10300455386489249,0.5370586068337619,2,7,4.5004500450045E-4,9606,Homo sapiens,"FN1","",,,"R-HSA-9932034;R-HSA-9638552"
R-HSA-913531,"Interferon Signaling",10,404,6,2076,0.02515566625155666,0.10356437346192038,0.5370586068337619,9,125,0.008036517937508036,9606,Homo sapiens,"HLA-DRB5;HLA-B;HLA-A;HLA-DQA1;HLA-DQB1","ENSG00000206503;P04439;ENSG00000179344;P01889;ENSG00000234745;P01920;ENSG00000198502;P01909;ENSG00000196735;Q30154",CD74;ACTG1;APOE;GAPDH;HLA-A;HLA-B,P02795;P37840;P10636-8;P61769;Q14974,"R-HSA-9836404;R-HSA-909721;R-HSA-913529;R-HSA-9836435;R-HSA-9710963;R-HSA-1015702;R-HSA-1031716;R-HSA-1015699;R-HSA-1031713"
R-HSA-354194,"GRB2:SOS provides linkage to MAPK signaling for Integrins ",1,20,0,22,0.0012453300124533001,0.10787083298414624,0.5370586068337619,2,2,1.2858428700012858E-4,9606,Homo sapiens,"FN1","",,,"R-HSA-354165;R-HSA-354087"
R-HSA-9013422,"RHOBTB1 GTPase cycle",1,24,0,20,0.0014943960149439602,0.10787083298414624,0.5370586068337619,1,2,1.2858428700012858E-4,9606,Homo sapiens,"VIM","",,,"R-HSA-9018778"
R-HSA-77387,"Insulin receptor recycling",1,34,0,16,0.0021170610211706103,0.11271110403440898,0.5370586068337619,1,6,3.8575286100038574E-4,9606,Homo sapiens,"CTSD","",,,"R-HSA-74730"
R-HSA-2129379,"Molecules associated with elastic fibres",1,37,0,8,0.002303860523038605,0.11271110403440898,0.5370586068337619,1,10,6.429214350006429E-4,9606,Homo sapiens,"FN1","",,,"R-HSA-2537665"
R-HSA-5663220,"RHO GTPases Activate Formins",2,149,1,74,0.009277708592777085,0.11511940722620484,0.5370586068337619,9,27,0.001735887874501736,9606,Homo sapiens,"ACTG1","P63261;P60709",FN1,P05556,"R-HSA-5665751;R-HSA-5665767;R-HSA-5666049;R-HSA-5665809;R-HSA-5666001;R-HSA-5665982;R-HSA-5665802;R-HSA-5665659;R-HSA-203070"
R-HSA-8964011,"HDL clearance",0,9,1,38,5.60398505603985E-4,0.11752550392208583,0.5370586068337619,2,5,3.2146071750032145E-4,9606,Homo sapiens,"","",APOE,Q8WTV0-2,"R-HSA-349637;R-HSA-349638"
R-HSA-159763,"Transport of gamma-carboxylated protein precursors from the endoplasmic reticulum to the Golgi apparatus",0,9,1,38,5.60398505603985E-4,0.11752550392208583,0.5370586068337619,1,9,5.786292915005787E-4,9606,Homo sapiens,"","",HLA-A,P07225,"R-HSA-159729"
R-HSA-3000471,"Scavenging by Class B Receptors",0,21,1,27,0.001307596513075965,0.12231416884395652,0.5370586068337619,1,5,3.2146071750032145E-4,9606,Homo sapiens,"","",APOE,Q8WTV0-2,"R-HSA-2197646"
R-HSA-8964026,"Chylomicron clearance",1,9,1,44,5.60398505603985E-4,0.1294492093597327,0.5370586068337619,4,4,2.5716857400025716E-4,9606,Homo sapiens,"APOE","P02649",APOE,P01130,"R-HSA-174706;R-HSA-174624;R-HSA-174657;R-HSA-174808"
R-HSA-388844,"Receptor-type tyrosine-protein phosphatases",0,20,1,33,0.0012453300124533001,0.1294492093597327,0.5370586068337619,1,6,3.8575286100038574E-4,9606,Homo sapiens,"","",HLA-A,Q16288,"R-HSA-6798257"
R-HSA-917937,"Iron uptake and transport",3,83,0,393,0.005168119551681195,0.1303390115705485,0.5370586068337619,3,33,0.0021216407355021216,9606,Homo sapiens,"FTH1;HMOX1","",,,"R-HSA-5690886;R-HSA-189398;R-HSA-1562626"
R-HSA-399954,"Sema3A PAK dependent Axon repulsion",0,19,1,37,0.0011830635118306352,0.13181483505086078,0.5370586068337619,1,6,3.8575286100038574E-4,9606,Homo sapiens,"","",ACTG1,P23528,"R-HSA-399950"
R-HSA-983170,"Antigen Presentation: Folding, assembly and peptide loading of class I MHC",2,41,2,211,0.002552926525529265,0.13310194009158716,0.5370586068337619,13,16,0.0010286742960010286,9606,Homo sapiens,"HLA-B;HLA-A","P04439;P01889",HLA-A;HLA-B,O15533;P61769,"R-HSA-8951499;R-HSA-983148;R-HSA-983146;R-HSA-983145;R-HSA-983142;R-HSA-983427;R-HSA-983426;R-HSA-983138;R-HSA-983425;R-HSA-983424;R-HSA-983422;R-HSA-983421;R-HSA-983161"
R-HSA-390522,"Striated Muscle Contraction",1,40,0,13,0.0024906600249066002,0.13417412810354945,0.5370586068337619,4,4,2.5716857400025716E-4,9606,Homo sapiens,"VIM","",,,"R-HSA-390597;R-HSA-390598;R-HSA-390593;R-HSA-390595"
R-HSA-9818035,"NFE2L2 regulating ER-stress associated genes",0,6,1,49,3.7359900373599005E-4,0.13417412810354945,0.5370586068337619,1,2,1.2858428700012858E-4,9606,Homo sapiens,"","",APOE,P18848,"R-HSA-9796061"
R-HSA-159740,"Gamma-carboxylation of protein precursors",0,15,1,39,9.339975093399751E-4,0.13417412810354945,0.5370586068337619,1,9,5.786292915005787E-4,9606,Homo sapiens,"","",HLA-A,P07225,"R-HSA-159752"
R-HSA-202403,"TCR signaling",3,122,1,390,0.007596513075965131,0.13647072318528908,0.5370586068337619,14,52,0.0033431914620033433,9606,Homo sapiens,"HLA-DRB5;HLA-DQA1;HLA-DQB1","P01920;P01909;Q30154",ARPC1B,P42768,"R-HSA-202307;R-HSA-430180;R-HSA-202214;R-HSA-202245;R-HSA-202248;R-HSA-202216;R-HSA-202344;R-HSA-8852200;R-HSA-202291;R-HSA-8855381;R-HSA-202165;R-HSA-202233;R-HSA-202168;R-HSA-202174"
R-HSA-9931953,"Biofilm formation",1,45,0,10,0.002801992528019925,0.13652710521371392,0.5370586068337619,2,11,7.072135785007072E-4,9606,Homo sapiens,"FN1","",,,"R-HSA-9932034;R-HSA-9638552"
R-HSA-9637628,"Modulation by Mtb of host immune system",0,11,2,47,6.849315068493151E-4,0.14121417817354598,0.5370586068337619,1,6,3.8575286100038574E-4,9606,Homo sapiens,"","",HLA-A;HLA-B,P61769,"R-HSA-9637635"
R-HSA-5661231,"Metallothioneins bind metals",0,16,1,43,9.9626400996264E-4,0.14354830719879041,0.5370586068337619,3,27,0.001735887874501736,9606,Homo sapiens,"","",APOE,P02795,"R-HSA-5662598;R-HSA-5662608;R-HSA-5662986"
R-HSA-1280215,"Cytokine Signaling in Immune system",19,1095,12,4847,0.06818181818181818,0.14415960727392596,0.5370586068337619,29,791,0.050855085508550855,9606,Homo sapiens,"IL32;HLA-DRB5;CCL5;HLA-B;FN1;HMOX1;HLA-A;VIM;HLA-DQA1;HLA-DQB1","P24001;ENSG00000100292;P04439;ENSG00000179344;P13501;ENSG00000026025;ENSG00000198502;ENSG00000115414;P01909;ENSG00000196735;ENSG00000206503;P08670;P01889;ENSG00000234745;P01920;ENSG00000271503;P09601;P02751;Q30154",CD74;IL32;ACTG1;VIM;VIM;PLD3;APOE;GAPDH;HLA-A;HLA-B;HMOX1;FN1,P26441;P00441;P02795;P61769;Q14974;Q16623;P06241;Q53EL6;P10636-8;P24158;P63104;Q8TBC4;Q9Y6K9;P17612;P19838;P23528;P37840;Q9UBD9;Q9UHD2,"R-HSA-6785895;R-HSA-9836435;R-HSA-6784160;R-HSA-448591;R-HSA-8950721;R-HSA-9680348;R-HSA-6783670;R-HSA-909721;R-HSA-5609665;R-HSA-9757954;R-HSA-9605259;R-HSA-1015702;R-HSA-449117;R-HSA-1015699;R-HSA-9836404;R-HSA-9008684;R-HSA-913451;R-HSA-9710963;R-HSA-1031716;R-HSA-1031713;R-HSA-6797268;R-HSA-913529;R-HSA-451634;R-HSA-912757;R-HSA-5607725;R-HSA-8950771;R-HSA-8950581;R-HSA-5696491;R-HSA-6790041"
R-HSA-9694719,"Maturation of protein 3a",0,15,2,45,9.339975093399751E-4,0.148197832956096,0.5370586068337619,4,7,4.5004500450045E-4,9606,Homo sapiens,"","",HLA-A;HMOX1,P0DTC3,"R-HSA-9694662;R-HSA-9694438;R-HSA-9694392;R-HSA-9694718"
R-HSA-9603505,"NTRK3 as a dependence receptor",0,3,1,57,1.8679950186799502E-4,0.148197832956096,0.5370586068337619,2,4,2.5716857400025716E-4,9606,Homo sapiens,"","",HLA-A,Q16288,"R-HSA-9603534;R-HSA-9603548"
R-HSA-159782,"Removal of aminoterminal propeptides from gamma-carboxylated proteins",0,10,1,51,6.226650062266501E-4,0.1505132626059934,0.5370586068337619,1,9,5.786292915005787E-4,9606,Homo sapiens,"","",HLA-A,P07225,"R-HSA-159773"
R-HSA-1445148,"Translocation of SLC2A4 (GLUT4) to the plasma membrane",2,81,0,183,0.005043586550435865,0.1507349567865225,0.5370586068337619,2,15,9.643821525009644E-4,9606,Homo sapiens,"ACTG1","",,,"R-HSA-2316352;R-HSA-2316349"
R-HSA-446353,"Cell-extracellular matrix interactions",2,19,3,246,0.0011830635118306352,0.15261816685016683,0.5370586068337619,5,10,6.429214350006429E-4,9606,Homo sapiens,"ACTG1","P63261;P60709",ACTG1;FN1;HLA-A,P05556;P49023;Q13418;P50552,"R-HSA-446391;R-HSA-446322;R-HSA-432897;R-HSA-446364;R-HSA-430347"
R-HSA-5684264,"MAP3K8 (TPL2)-dependent MAPK1/3 activation",0,18,1,52,0.00112079701120797,0.15512553742255397,0.5370586068337619,1,8,5.143371480005143E-4,9606,Homo sapiens,"","",PLD3,P19838,"R-HSA-451634"
R-HSA-3249367,"STAT6-mediated induction of chemokines",0,5,1,62,3.1133250311332503E-4,0.15971314173101836,0.5370586068337619,1,6,3.8575286100038574E-4,9606,Homo sapiens,"","",GAPDH,Q9UHD2,"R-HSA-3249378"
R-HSA-5676934,"Protein repair",0,19,1,46,0.0011830635118306352,0.16199773308694532,0.5370586068337619,2,7,4.5004500450045E-4,9606,Homo sapiens,"","",GAPDH,P10599,"R-HSA-5676917;R-HSA-5676940"
R-HSA-189483,"Heme degradation",1,40,0,30,0.0024906600249066002,0.16199773308694532,0.5370586068337619,1,22,0.0014144271570014145,9606,Homo sapiens,"HMOX1","",,,"R-HSA-189398"
R-HSA-2173782,"Binding and Uptake of Ligands by Scavenger Receptors",2,168,2,102,0.01046077210460772,0.164970214652578,0.5370586068337619,7,33,0.0021216407355021216,9606,Homo sapiens,"FTH1;APOE","P02649;P02794",FN1;APOE,Q07954;Q9NY15;Q8WTV0-2,"R-HSA-2168897;R-HSA-2187266;R-HSA-2173778;R-HSA-2507854;R-HSA-2197770;R-HSA-2299677;R-HSA-2197646"
R-HSA-75035,"Chk1/Chk2(Cds1) mediated inactivation of Cyclin B:Cdk1 complex",0,17,1,61,0.0010585305105853052,0.16654857511759003,0.5370586068337619,1,5,3.2146071750032145E-4,9606,Homo sapiens,"","",HLA-DRB5,O14757,"R-HSA-75028"
R-HSA-159854,"Gamma-carboxylation, transport, and amino-terminal cleavage of proteins",0,16,1,52,9.9626400996264E-4,0.16654857511759003,0.5370586068337619,3,27,0.001735887874501736,9606,Homo sapiens,"","",HLA-A,P07225,"R-HSA-159729;R-HSA-159752;R-HSA-159773"
R-HSA-2022377,"Metabolism of Angiotensinogen to Angiotensins",1,27,0,41,0.0016811955168119551,0.16654857511759003,0.5370586068337619,2,22,0.0014144271570014145,9606,Homo sapiens,"CTSD","",,,"R-HSA-2022412;R-HSA-2022403"
R-HSA-1566977,"Fibronectin matrix formation",1,21,1,53,0.001307596513075965,0.17332922794759098,0.5370586068337619,4,4,2.5716857400025716E-4,9606,Homo sapiens,"FN1","P02751",FN1,P02751,"R-HSA-202723;R-HSA-2327746;R-HSA-2327733;R-HSA-2545196"
R-HSA-171306,"Packaging Of Telomere Ends",0,33,1,42,0.002054794520547945,0.17332922794759098,0.5370586068337619,2,2,1.2858428700012858E-4,9606,Homo sapiens,"","",HMOX1,Q9NUX5,"R-HSA-181450;R-HSA-176700"
R-HSA-381426,"Regulation of Insulin-like Growth Factor (IGF) transport and uptake by Insulin-like Growth Factor Binding Proteins (IGFBPs)",2,127,0,157,0.007907845579078455,0.1745908507337971,0.5370586068337619,1,14,9.000900090009E-4,9606,Homo sapiens,"FN1;APOE","",,,"R-HSA-8952289"
R-HSA-6788467,"IL-6-type cytokine receptor ligand interactions",0,17,1,61,0.0010585305105853052,0.17557734693746596,0.5370586068337619,2,14,9.000900090009E-4,9606,Homo sapiens,"","",APOE,P26441;Q9UBD9,"R-HSA-6783670;R-HSA-5696491"
R-HSA-8856828,"Clathrin-mediated endocytosis",2,161,0,148,0.010024906600249066,0.17943573359394405,0.5370586068337619,11,35,0.0022502250225022503,9606,Homo sapiens,"ACTG1","",,,"R-HSA-8868230;R-HSA-8868661;R-HSA-8868660;R-HSA-8868659;R-HSA-8868658;R-HSA-8869438;R-HSA-8868236;R-HSA-8868651;R-HSA-8871194;R-HSA-8871193;R-HSA-8868648"
R-HSA-5660526,"Response to metal ions",0,21,1,54,0.001307596513075965,0.180055532644256,0.5370586068337619,3,31,0.001993056448501993,9606,Homo sapiens,"","",APOE,P02795,"R-HSA-5662598;R-HSA-5662608;R-HSA-5662986"
R-HSA-176187,"Activation of ATR in response to replication stress",0,39,1,39,0.0024283935242839353,0.18228563110203078,0.5370586068337619,3,9,5.786292915005787E-4,9606,Homo sapiens,"","",HLA-DRB5,O14757,"R-HSA-75010;R-HSA-69604;R-HSA-176116"
R-HSA-399956,"CRMPs in Sema3A signaling",0,18,1,58,0.00112079701120797,0.18672791826949098,0.5370586068337619,1,5,3.2146071750032145E-4,9606,Homo sapiens,"","",GAPDH,P49841,"R-HSA-399951"
R-HSA-8963888,"Chylomicron assembly",1,14,0,67,8.717310087173101E-4,0.1911464306850018,0.5370586068337619,1,5,3.2146071750032145E-4,9606,Homo sapiens,"APOE","",,,"R-HSA-174660"
R-HSA-1606341,"IRF3 mediated activation of type 1 IFN",0,7,1,73,4.3586550435865506E-4,0.1911464306850018,0.5370586068337619,1,6,3.8575286100038574E-4,9606,Homo sapiens,"","",GAPDH,Q9UHD2,"R-HSA-1606324"
R-HSA-70263,"Gluconeogenesis",1,56,0,24,0.0034869240348692405,0.1911464306850018,0.5370586068337619,1,17,0.001092966439501093,9606,Homo sapiens,"GAPDH","",,,"R-HSA-70482"
R-HSA-5632987,"Defective Mismatch Repair Associated With PMS2",0,2,1,79,1.2453300124533E-4,0.19554129367134765,0.5370586068337619,1,1,6.429214350006429E-5,9606,Homo sapiens,"","",ACTG1,P40692,"R-HSA-5632958"
R-HSA-70921,"Histidine catabolism",0,30,1,50,0.0018679950186799503,0.19554129367134765,0.5370586068337619,1,8,5.143371480005143E-4,9606,Homo sapiens,"","",FTH1,P42357,"R-HSA-70899"
R-HSA-9707564,"Cytoprotection by HMOX1",2,91,0,214,0.005666251556662515,0.1970418577698798,0.5370586068337619,7,22,0.0014144271570014145,9606,Homo sapiens,"HMOX1","",,,"R-HSA-1250272;R-HSA-189398;R-HSA-9707645;R-HSA-9708558;R-HSA-9709918;R-HSA-9708536;R-HSA-9708457"
R-HSA-9934037,"Formation of neuronal progenitor and neuronal BAF (npBAF and nBAF)",1,25,0,77,0.001556662515566625,0.2020895180147262,0.5370586068337619,2,2,1.2858428700012858E-4,9606,Homo sapiens,"ACTG1","",,,"R-HSA-9934023;R-HSA-9934021"
R-HSA-1566948,"Elastic fibre formation",1,45,0,45,0.002801992528019925,0.2020895180147262,0.5370586068337619,1,17,0.001092966439501093,9606,Homo sapiens,"FN1","",,,"R-HSA-2537665"
R-HSA-203641,"NOSTRIN mediated eNOS trafficking",0,10,1,75,6.226650062266501E-4,0.20426056939846837,0.5370586068337619,1,4,2.5716857400025716E-4,9606,Homo sapiens,"","",ARPC1B,O00401,"R-HSA-203565"
R-HSA-194315,"Signaling by Rho GTPases",6,708,4,877,0.044084682440846824,0.21249302616470145,0.5370586068337619,24,203,0.013051305130513051,9606,Homo sapiens,"IL32;ARPC1B;VIM;ACTG1","P24001;P63261;P60709;P08670;O15143;Q6S8J3",ACTG1;VIM;FN1;CD68,P05556;Q15058;Q16512;P23528,"R-HSA-5625717;R-HSA-5665751;R-HSA-2029466;R-HSA-5671763;R-HSA-442592;R-HSA-5665809;R-HSA-5666001;R-HSA-5665982;R-HSA-9018787;R-HSA-5665659;R-HSA-5671737;R-HSA-9018808;R-HSA-5665767;R-HSA-9018778;R-HSA-5671749;R-HSA-5671970;R-HSA-9693125;R-HSA-5666049;R-HSA-2197690;R-HSA-3928608;R-HSA-5665802;R-HSA-203070;R-HSA-5626507;R-HSA-2029473"
R-HSA-1236974,"ER-Phagosome pathway",2,98,1,229,0.0061021170610211705,0.21286949699929336,0.5370586068337619,6,11,7.072135785007072E-4,9606,Homo sapiens,"HLA-B;HLA-A","P04439;P01889",HLA-A,O15533,"R-HSA-8863973;R-HSA-8951595;R-HSA-8863858;R-HSA-1236965;R-HSA-1236971;R-HSA-8863914"
R-HSA-9845323,"Regulation of endogenous retroelements by Piwi-interacting RNAs (piRNAs)",1,68,0,23,0.004234122042341221,0.21288673508283207,0.5370586068337619,2,2,1.2858428700012858E-4,9606,Homo sapiens,"ACTG1","",,,"R-HSA-9845308;R-HSA-9727450"
R-HSA-5696394,"DNA Damage Recognition in GG-NER",1,40,0,53,0.0024906600249066002,0.21288673508283207,0.5370586068337619,1,5,3.2146071750032145E-4,9606,Homo sapiens,"ACTG1","",,,"R-HSA-5691006"
R-HSA-8963901,"Chylomicron remodeling",1,17,1,74,0.0010585305105853052,0.21502884305485703,0.5370586068337619,3,3,1.9287643050019287E-4,9606,Homo sapiens,"APOE","P02649",APOE,P02655;P02649,"R-HSA-174690;R-HSA-174739;R-HSA-174757"
R-HSA-8939245,"RUNX1 regulates transcription of genes involved in BCR signaling",0,7,1,83,4.3586550435865506E-4,0.21502884305485703,0.5370586068337619,1,4,2.5716857400025716E-4,9606,Homo sapiens,"","",VIM,P51451,"R-HSA-8938987"
R-HSA-3270619,"IRF3-mediated induction of type I IFN",0,19,1,74,0.0011830635118306352,0.217165208113562,0.5370586068337619,1,5,3.2146071750032145E-4,9606,Homo sapiens,"","",GAPDH,Q9UHD2,"R-HSA-1834939"
R-HSA-1442490,"Collagen degradation",1,69,1,30,0.004296388542963886,0.21929584542281721,0.5370586068337619,2,34,0.002185932879002186,9606,Homo sapiens,"CTSD","P07339",APOE,P09238,"R-HSA-2471621;R-HSA-2485111"
R-HSA-5673001,"RAF/MAP kinase cascade",3,309,0,324,0.019240348692403486,0.2194582379217429,0.5370586068337619,8,75,0.004821910762504822,9606,Homo sapiens,"FN1;ACTG1","",,,"R-HSA-9657603;R-HSA-5672980;R-HSA-5672978;R-HSA-9657606;R-HSA-5672972;R-HSA-9657608;R-HSA-5672973;R-HSA-9657599"
R-HSA-442380,"Zinc influx into cells by the SLC39 gene family",0,11,2,85,6.849315068493151E-4,0.22353999725148888,0.5370586068337619,2,6,3.8575286100038574E-4,9606,Homo sapiens,"","",HLA-A;HLA-B,Q9ULF5;Q6ZMH5,"R-HSA-442405;R-HSA-442345"
R-HSA-9854311,"Maturation of TCA enzymes and regulation of TCA cycle",0,47,1,53,0.0029265255292652555,0.22353999725148888,0.5370586068337619,2,10,6.429214350006429E-4,9606,Homo sapiens,"","",HLA-B,P31040,"R-HSA-9854672;R-HSA-9854961"
R-HSA-8941333,"RUNX2 regulates genes involved in differentiation of myeloid cells",0,6,1,89,3.7359900373599005E-4,0.225653541901924,0.5370586068337619,1,2,1.2858428700012858E-4,9606,Homo sapiens,"","",FN1,P17931,"R-HSA-8938382"
R-HSA-168249,"Innate Immune System",13,1334,11,2822,0.08306351183063512,0.22727140944332325,0.5370586068337619,60,744,0.047833354764047833,9606,Homo sapiens,"CFD;FTH1;ARPC1B;PCBP2;HLA-B;HMOX1;CD68;CTSD;PLD3;ACTG1;C1QC","P07339;P60709;O15143;P34810;Q8IV08;P63261;P01889;P00746;P02747;Q96BZ4;P09601;Q15366;P02794",IL32;ACTG1;VIM;CCL5;IL32;IL32;PLD3;HLA-A;APOE;GAPDH;HMOX1,P08603;Q9NZC2;P07225;P24158;Q8TBC4;Q9Y6K9;Q04206;P19838;Q9HC29;P23528;Q05655;Q9BQ95;P10599;Q9P296;P02748;P35222;Q9UHD2,"R-HSA-2029471;R-HSA-2029466;R-HSA-8852481;R-HSA-166792;R-HSA-3134883;R-HSA-976768;R-HSA-9676160;R-HSA-9709831;R-HSA-5609665;R-HSA-9757954;R-HSA-3134904;R-HSA-3134901;R-HSA-2197690;R-HSA-173725;R-HSA-1834939;R-HSA-2530445;R-HSA-1606324;R-HSA-8852266;R-HSA-981665;R-HSA-990526;R-HSA-9823910;R-HSA-173745;R-HSA-451634;R-HSA-173626;R-HSA-2029476;R-HSA-173631;R-HSA-2029473;R-HSA-964811;R-HSA-622415;R-HSA-1861595;R-HSA-399950;R-HSA-1250264;R-HSA-990528;R-HSA-183122;R-HSA-3249378;R-HSA-6800434;R-HSA-1006169;R-HSA-166869;R-HSA-2530429;R-HSA-168412;R-HSA-1250253;R-HSA-5660980;R-HSA-166753;R-HSA-5607734;R-HSA-442592;R-HSA-976743;R-HSA-3134914;R-HSA-6798743;R-HSA-6801687;R-HSA-9828196;R-HSA-9021306;R-HSA-1250272;R-HSA-6798739;R-HSA-5607725;R-HSA-210298;R-HSA-6798749;R-HSA-1250280;R-HSA-6798748;R-HSA-6798745;R-HSA-210300"
R-HSA-69601,"Ubiquitin-Mediated Degradation of Phosphorylated Cdc25A",0,46,1,53,0.00286425902864259,0.22776141906518343,0.5370586068337619,1,4,2.5716857400025716E-4,9606,Homo sapiens,"","",HLA-DRB5,O14757,"R-HSA-69604"
R-HSA-69613,"p53-Independent G1/S DNA Damage Checkpoint",0,46,1,53,0.00286425902864259,0.22776141906518343,0.5370586068337619,1,4,2.5716857400025716E-4,9606,Homo sapiens,"","",HLA-DRB5,O14757,"R-HSA-69604"
R-HSA-1474228,"Degradation of the extracellular matrix",2,148,3,206,0.00921544209215442,0.22782113689730799,0.5370586068337619,19,105,0.0067506750675067504,9606,Homo sapiens,"FN1;CTSD","P07339;P02751",CD74;FN1;APOE,P08254;P08253;P09238;P16070;P07585,"R-HSA-2471621;R-HSA-8940554;R-HSA-1602458;R-HSA-3828025;R-HSA-1604731;R-HSA-3788061;R-HSA-1604350;R-HSA-1604368;R-HSA-1592371;R-HSA-3785684;R-HSA-1592278;R-HSA-2534248;R-HSA-1604360;R-HSA-1454791;R-HSA-1566981;R-HSA-2485111;R-HSA-2533950;R-HSA-2533944;R-HSA-1604359"
R-HSA-390450,"Folding of actin by CCT/TriC",1,13,1,84,8.094645080946451E-4,0.22986364370901857,0.5370586068337619,2,2,1.2858428700012858E-4,9606,Homo sapiens,"ACTG1","P60709",ACTG1,P60709,"R-HSA-390453;R-HSA-390459"
R-HSA-173623,"Classical antibody-mediated complement activation",1,97,0,0,0.006039850560398506,0.2319602307622639,0.5370586068337619,2,2,1.2858428700012858E-4,9606,Homo sapiens,"C1QC","",,,"R-HSA-173626;R-HSA-173631"
R-HSA-9827857,"Specification of primordial germ cells",0,22,1,75,0.0013698630136986301,0.2319602307622639,0.5370586068337619,1,19,0.0012215507265012214,9606,Homo sapiens,"","",CD74,P61073,"R-HSA-9828028"
R-HSA-9762114,"GSK3B and BTRC:CUL1-mediated-degradation of NFE2L2",0,44,1,54,0.0027397260273972603,0.23405119511492456,0.5370586068337619,1,4,2.5716857400025716E-4,9606,Homo sapiens,"","",GAPDH,P49841,"R-HSA-9762094"
R-HSA-1236975,"Antigen processing-Cross presentation",2,120,1,230,0.007471980074719801,0.23582878202278246,0.5370586068337619,9,25,0.0016073035875016073,9606,Homo sapiens,"HLA-B;HLA-A","P04439;P01889",HLA-A,O15533,"R-HSA-8863973;R-HSA-8951595;R-HSA-8863858;R-HSA-1236964;R-HSA-1236965;R-HSA-1236954;R-HSA-1236971;R-HSA-1236943;R-HSA-8863914"
R-HSA-9013423,"RAC3 GTPase cycle",1,100,0,0,0.0062266500622665,0.23821631508504315,0.5370586068337619,1,6,3.8575286100038574E-4,9606,Homo sapiens,"IL32","",,,"R-HSA-9018808"
R-HSA-9716542,"Signaling by Rho GTPases, Miro GTPases and RHOBTB3",6,724,4,926,0.04508094645080946,0.23855559210449628,0.5370586068337619,24,212,0.01362993442201363,9606,Homo sapiens,"IL32;ARPC1B;VIM;ACTG1","P24001;P63261;P60709;P08670;O15143;Q6S8J3",ACTG1;VIM;FN1;CD68,P05556;Q15058;Q16512;P23528,"R-HSA-5625717;R-HSA-5665751;R-HSA-2029466;R-HSA-5671763;R-HSA-442592;R-HSA-5665809;R-HSA-5666001;R-HSA-5665982;R-HSA-9018787;R-HSA-5665659;R-HSA-5671737;R-HSA-9018808;R-HSA-5665767;R-HSA-9018778;R-HSA-5671749;R-HSA-5671970;R-HSA-9693125;R-HSA-5666049;R-HSA-2197690;R-HSA-3928608;R-HSA-5665802;R-HSA-203070;R-HSA-5626507;R-HSA-2029473"
R-HSA-8964038,"LDL clearance",0,28,1,79,0.0017434620174346202,0.24029050028928756,0.5370586068337619,4,20,0.0012858428700012858,9606,Homo sapiens,"","",APOE,P01130,"R-HSA-171122;R-HSA-171106;R-HSA-6784734;R-HSA-171087"
R-HSA-5423599,"Diseases of Mismatch Repair (MMR)",0,5,1,101,3.1133250311332503E-4,0.24029050028928756,0.5370586068337619,1,6,3.8575286100038574E-4,9606,Homo sapiens,"","",ACTG1,P40692,"R-HSA-5632958"
R-HSA-3065679,"SUMO is proteolytically processed",0,6,1,99,3.7359900373599005E-4,0.24442219481481042,0.5370586068337619,1,3,1.9287643050019287E-4,9606,Homo sapiens,"","",VIM,P61956,"R-HSA-2990842"
R-HSA-171286,"Synthesis and processing of ENV and VPU",0,4,1,99,2.4906600249066E-4,0.24442219481481042,0.5370586068337619,3,10,6.429214350006429E-4,9606,Homo sapiens,"","",CTSD,P04578,"R-HSA-171291;R-HSA-174494;R-HSA-174493"
R-HSA-5627117,"RHO GTPases Activate ROCKs",0,24,1,80,0.0014943960149439602,0.24442219481481042,0.5370586068337619,1,7,4.5004500450045E-4,9606,Homo sapiens,"","",ACTG1,P23528,"R-HSA-3928608"
R-HSA-5602636,"IKBKB deficiency causes SCID",0,3,1,104,1.8679950186799502E-4,0.24647973349260577,0.5370586068337619,1,1,6.429214350006429E-5,9606,Homo sapiens,"","",ACTG1,Q9Y6K9,"R-HSA-5228840"
R-HSA-442729,"CREB1 phosphorylation through the activation of CaMKII/CaMKK/CaMKIV cascasde",0,11,1,93,6.849315068493151E-4,0.24647973349260577,0.5370586068337619,2,10,6.429214350006429E-4,9606,Homo sapiens,"","",FN1,P52292,"R-HSA-9619127;R-HSA-112282"
R-HSA-3065676,"SUMO is conjugated to E1 (UBA2:SAE1)",0,8,1,99,4.9813200498132E-4,0.24853175262116534,0.5370586068337619,1,3,1.9287643050019287E-4,9606,Homo sapiens,"","",VIM,P61956,"R-HSA-2993784"
R-HSA-156902,"Peptide chain elongation",1,97,0,9,0.006039850560398506,0.25057826678346373,0.5370586068337619,4,5,3.2146071750032145E-4,9606,Homo sapiens,"RPL41","",,,"R-HSA-156915;R-HSA-156912;R-HSA-156923;R-HSA-156907"
R-HSA-111932,"CaMK IV-mediated phosphorylation of CREB",0,13,1,93,8.094645080946451E-4,0.25057826678346373,0.5370586068337619,2,13,8.357978655008358E-4,9606,Homo sapiens,"","",FN1,P52292,"R-HSA-9619127;R-HSA-112282"
R-HSA-9658195,"Leishmania infection",4,301,1,687,0.018742216687422167,0.2511790726651484,0.5370586068337619,10,95,0.006107753632506108,9606,Homo sapiens,"ARPC1B;HMOX1;ACTG1","P63261;P60709;O15143;P09601",GAPDH,P10599,"R-HSA-1250272;R-HSA-2029466;R-HSA-442592;R-HSA-1861595;R-HSA-9666458;R-HSA-2197690;R-HSA-1250280;R-HSA-1250264;R-HSA-1250253;R-HSA-2029473"
R-HSA-9824443,"Parasitic Infection Pathways",4,301,1,687,0.018742216687422167,0.2511790726651484,0.5370586068337619,10,95,0.006107753632506108,9606,Homo sapiens,"ARPC1B;HMOX1;ACTG1","P63261;P60709;O15143;P09601",GAPDH,P10599,"R-HSA-1250272;R-HSA-2029466;R-HSA-442592;R-HSA-1861595;R-HSA-9666458;R-HSA-2197690;R-HSA-1250280;R-HSA-1250264;R-HSA-1250253;R-HSA-2029473"
R-HSA-8964058,"HDL remodeling",1,24,1,88,0.0014943960149439602,0.25261929052454357,0.5370586068337619,1,13,8.357978655008358E-4,9606,Homo sapiens,"APOE","P02649",APOE,P02655;P02649,"R-HSA-266303"
R-HSA-112411,"MAPK1 (ERK2) activation",0,12,1,97,7.471980074719801E-4,0.2546548383516012,0.5370586068337619,2,3,1.9287643050019287E-4,9606,Homo sapiens,"","",HLA-A,P36507,"R-HSA-109858;R-HSA-109864"
R-HSA-72764,"Eukaryotic Translation Termination",1,106,0,4,0.006600249066002491,0.25668492473410565,0.5370586068337619,3,5,3.2146071750032145E-4,9606,Homo sapiens,"RPL41","",,,"R-HSA-141671;R-HSA-141691;R-HSA-141673"
R-HSA-9727281,"Translation of Accessory Proteins",0,7,2,108,4.3586550435865506E-4,0.26274255934471236,0.5370586068337619,2,10,6.429214350006429E-4,9606,Homo sapiens,"","",PLD3;HLA-A,P0DTC8,"R-HSA-9727305;R-HSA-9755354"
R-HSA-9733458,"Induction of Cell-Cell Fusion",0,20,1,97,0.0012453300124533001,0.2647509438920639,0.5370586068337619,3,5,3.2146071750032145E-4,9606,Homo sapiens,"","",VIM,P0DTC2;Q9BYF1,"R-HSA-9733495;R-HSA-9770063;R-HSA-9770187"
R-HSA-72689,"Formation of a pool of free 40S subunits",1,106,0,9,0.006600249066002491,0.2647509438920639,0.5370586068337619,1,2,1.2858428700012858E-4,9606,Homo sapiens,"RPL41","",,,"R-HSA-72673"
R-HSA-1592389,"Activation of Matrix Metalloproteinases",0,35,2,87,0.0021793275217932753,0.2647509438920639,0.5370586068337619,8,27,0.001735887874501736,9606,Homo sapiens,"","",FN1;APOE,P08254;P08253;P09238,"R-HSA-1604360;R-HSA-1602458;R-HSA-1604731;R-HSA-1604350;R-HSA-1604368;R-HSA-1592371;R-HSA-1592278;R-HSA-1604359"
R-HSA-5625900,"RHO GTPases activate CIT",0,23,1,91,0.001432129514321295,0.2647509438920639,0.5370586068337619,1,6,3.8575286100038574E-4,9606,Homo sapiens,"","",CD68,Q15058,"R-HSA-5671970"
R-HSA-8873719,"RAB geranylgeranylation",0,68,1,66,0.004234122042341221,0.2667539387793587,0.5370586068337619,1,5,3.2146071750032145E-4,9606,Homo sapiens,"","",GAPDH,Q92696,"R-HSA-8870461"
R-HSA-389359,"CD28 dependent Vav1 pathway",0,17,2,100,0.0010585305105853052,0.26875155825162456,0.5370586068337619,1,6,3.8575286100038574E-4,9606,Homo sapiens,"","",GAPDH;FN1,P06241,"R-HSA-389354"
R-HSA-1606322,"ZBP1(DAI) mediated induction of type I IFNs",0,23,1,98,0.001432129514321295,0.26875155825162456,0.5370586068337619,1,11,7.072135785007072E-4,9606,Homo sapiens,"","",GAPDH,Q9UHD2,"R-HSA-1606324"
R-HSA-9823730,"Formation of definitive endoderm",0,25,1,92,0.001556662515566625,0.26875155825162456,0.5370586068337619,1,13,8.357978655008358E-4,9606,Homo sapiens,"","",CD74,P61073,"R-HSA-9823950"
R-HSA-72649,"Translation initiation complex formation",0,62,1,59,0.0038605230386052304,0.27074381651680013,0.5370586068337619,1,2,1.2858428700012858E-4,9606,Homo sapiens,"","",PCBP2,P11940,"R-HSA-156808"
R-HSA-8849471,"PTK6 Regulates RHO GTPases, RAS GTPase and MAP kinases",0,20,1,99,0.0012453300124533001,0.2727307277458526,0.5370586068337619,3,13,8.357978655008358E-4,9606,Homo sapiens,"","",FN1,P49023,"R-HSA-8848596;R-HSA-8848611;R-HSA-8848606"
R-HSA-5676590,"NIK-->noncanonical NF-kB signaling",0,48,1,74,0.0029887920298879204,0.2727307277458526,0.5370586068337619,1,9,5.786292915005787E-4,9606,Homo sapiens,"","",APOE,Q8TBC4,"R-HSA-5607725"
R-HSA-70171,"Glycolysis",1,111,0,9,0.006911581569115816,0.2727307277458526,0.5370586068337619,1,23,0.0014787193005014788,9606,Homo sapiens,"GAPDH","",,,"R-HSA-70449"
R-HSA-198933,"Immunoregulatory interactions between a Lymphoid and a non-Lymphoid cell",3,249,2,442,0.015504358655043586,0.27460587155253746,0.5370586068337619,7,44,0.002828854314002829,9606,Homo sapiens,"HLA-B;HLA-A;CD99","P14209;P04439;P01889",FN1;HLA-B,Q6ISS4;P43629,"R-HSA-199043;R-HSA-199169;R-HSA-5696357;R-HSA-8862084;R-HSA-198955;R-HSA-199576;R-HSA-199566"
R-HSA-2408557,"Selenocysteine synthesis",1,112,0,6,0.006973848069738481,0.274712306072861,0.5370586068337619,2,7,4.5004500450045E-4,9606,Homo sapiens,"RPL41","",,,"R-HSA-2408529;R-HSA-5333615"
R-HSA-5210891,"Uptake and function of anthrax toxins",0,22,1,102,0.0013698630136986301,0.274712306072861,0.5370586068337619,1,20,0.0012858428700012858,9606,Homo sapiens,"","",HLA-A,P36507,"R-HSA-5211356"
R-HSA-1799339,"SRP-dependent cotranslational protein targeting to membrane",1,119,0,0,0.007409713574097135,0.2766885655951328,0.5370586068337619,5,5,3.2146071750032145E-4,9606,Homo sapiens,"RPL41","",,,"R-HSA-1799326;R-HSA-1799330;R-HSA-1799329;R-HSA-1799335;R-HSA-1799332"
R-HSA-9670615,"Defective Inhibition of DNA Recombination at Telomere Due to ATRX Mutations",0,2,1,118,1.2453300124533E-4,0.2766885655951328,0.5370586068337619,1,1,6.429214350006429E-5,9606,Homo sapiens,"","",FTH1,Q9UER7,"R-HSA-9670619"
R-HSA-389958,"Cooperation of Prefoldin and TriC/CCT  in actin and tubulin folding",1,37,1,84,0.002303860523038605,0.27865952037326536,0.5370586068337619,4,6,3.8575286100038574E-4,9606,Homo sapiens,"ACTG1","P60709",ACTG1,P60709,"R-HSA-390453;R-HSA-389970;R-HSA-389980;R-HSA-390459"
R-HSA-75815,"Ubiquitin-dependent degradation of Cyclin D",0,41,1,80,0.002552926525529265,0.27865952037326536,0.5370586068337619,1,5,3.2146071750032145E-4,9606,Homo sapiens,"","",GAPDH,P49841,"R-HSA-75820"
R-HSA-9006821,"Alternative Lengthening of Telomeres (ALT)",0,2,1,122,1.2453300124533E-4,0.28258557175661314,0.5370586068337619,1,2,1.2858428700012858E-4,9606,Homo sapiens,"","",FTH1,Q9UER7,"R-HSA-9670619"
R-HSA-9670621,"Defective Inhibition of DNA Recombination at Telomere",0,2,1,122,1.2453300124533E-4,0.28258557175661314,0.5370586068337619,1,2,1.2858428700012858E-4,9606,Homo sapiens,"","",FTH1,Q9UER7,"R-HSA-9670619"
R-HSA-9673013,"Diseases of Telomere Maintenance",0,2,1,122,1.2453300124533E-4,0.28258557175661314,0.5370586068337619,1,2,1.2858428700012858E-4,9606,Homo sapiens,"","",FTH1,Q9UER7,"R-HSA-9670619"
R-HSA-380108,"Chemokine receptors bind chemokines",1,57,3,90,0.0035491905354919054,0.28258557175661314,0.5370586068337619,8,19,0.0012215507265012214,9606,Homo sapiens,"CCL5","P13501",CD74;CCL5;CD74,P78556;Q99616;P48061;O15467;O15444;P13501;P25025,"R-HSA-373813;R-HSA-373061;R-HSA-374214;R-HSA-443986;R-HSA-373073;R-HSA-373074;R-HSA-8862733;R-HSA-373087"
R-HSA-5607761,"Dectin-1 mediated noncanonical NF-kB signaling",0,53,1,74,0.0033001245330012453,0.28258557175661314,0.5370586068337619,1,9,5.786292915005787E-4,9606,Homo sapiens,"","",APOE,Q8TBC4,"R-HSA-5607725"
R-HSA-446343,"Localization of the PINCH-ILK-PARVIN complex to focal adhesions",0,4,2,122,2.4906600249066E-4,0.28454069630041545,0.5370586068337619,2,2,1.2858428700012858E-4,9606,Homo sapiens,"","",FN1;HLA-A,P05556;P49023;Q13418,"R-HSA-446322;R-HSA-432897"
R-HSA-429947,"Deadenylation of mRNA",0,30,1,100,0.0018679950186799503,0.28454069630041545,0.5370586068337619,2,4,2.5716857400025716E-4,9606,Homo sapiens,"","",PCBP2,P11940,"R-HSA-429955;R-HSA-429992"
R-HSA-2995383,"Initiation of Nuclear Envelope (NE) Reformation",0,27,1,98,0.0016811955168119551,0.28454069630041545,0.5370586068337619,1,7,4.5004500450045E-4,9606,Homo sapiens,"","",CD74,Q14974,"R-HSA-9624798"
R-HSA-5358565,"Mismatch repair (MMR) directed by MSH2:MSH6 (MutSalpha)",0,22,1,106,0.0013698630136986301,0.28454069630041545,0.5370586068337619,1,10,6.429214350006429E-4,9606,Homo sapiens,"","",ACTG1,P40692,"R-HSA-5444523"
R-HSA-189445,"Metabolism of porphyrins",1,79,0,49,0.0049190535491905356,0.28454069630041545,0.5370586068337619,1,42,0.0027002700270027003,9606,Homo sapiens,"HMOX1","",,,"R-HSA-189398"
R-HSA-166658,"Complement cascade",2,156,3,250,0.009713574097135741,0.28509753874801924,0.5370586068337619,17,72,0.004629034332004629,9606,Homo sapiens,"CFD;C1QC","P00746;P02747",HLA-A;APOE;HMOX1,P08603;Q9P296;P02748;P07225,"R-HSA-166753;R-HSA-964811;R-HSA-8852481;R-HSA-976743;R-HSA-166792;R-HSA-2530445;R-HSA-8852266;R-HSA-976768;R-HSA-981665;R-HSA-183122;R-HSA-9021306;R-HSA-173745;R-HSA-1006169;R-HSA-173626;R-HSA-2530429;R-HSA-173631;R-HSA-173725"
R-HSA-166786,"Creation of C4 and C2 activators",1,111,0,13,0.006911581569115816,0.28649057197742345,0.5370586068337619,2,8,5.143371480005143E-4,9606,Homo sapiens,"C1QC","",,,"R-HSA-173626;R-HSA-173631"
R-HSA-446388,"Regulation of cytoskeletal remodeling and cell spreading by IPP complex components",0,8,1,121,4.9813200498132E-4,0.28649057197742345,0.5370586068337619,1,5,3.2146071750032145E-4,9606,Homo sapiens,"","",FN1,P49023,"R-HSA-446322"
R-HSA-5358508,"Mismatch Repair",0,23,1,108,0.001432129514321295,0.288435212666187,0.5370586068337619,1,17,0.001092966439501093,9606,Homo sapiens,"","",ACTG1,P40692,"R-HSA-5444523"
R-HSA-9707616,"Heme signaling",2,70,0,345,0.0043586550435865505,0.29414426631048785,0.5370586068337619,1,25,0.0016073035875016073,9606,Homo sapiens,"HMOX1","",,,"R-HSA-9707645"
R-HSA-3134973,"LRR FLII-interacting protein 1 (LRRFIP1) activates type I IFN production",0,7,1,122,4.3586550435865506E-4,0.29423786304692745,0.5370586068337619,4,5,3.2146071750032145E-4,9606,Homo sapiens,"","",GAPDH,P35222,"R-HSA-3134904;R-HSA-3134901;R-HSA-3134883;R-HSA-3134914"
R-HSA-75892,"Platelet Adhesion to exposed collagen",0,17,2,115,0.0010585305105853052,0.29423786304692745,0.5370586068337619,1,8,5.143371480005143E-4,9606,Homo sapiens,"","",GAPDH;FN1,P06241,"R-HSA-432295"
R-HSA-9828806,"Maturation of hRSV A proteins",0,33,1,100,0.002054794520547945,0.29423786304692745,0.5370586068337619,1,40,0.0025716857400025716,9606,Homo sapiens,"","",CD74,Q14974,"R-HSA-9831702"
R-HSA-372708,"p130Cas linkage to MAPK signaling for integrins",1,22,0,111,0.0013698630136986301,0.29616170184681145,0.5370586068337619,3,3,1.9287643050019287E-4,9606,Homo sapiens,"FN1","",,,"R-HSA-372693;R-HSA-372705;R-HSA-372697"
R-HSA-8874081,"MET activates PTK2 signaling",1,32,0,100,0.00199252801992528,0.29616170184681145,0.5370586068337619,1,5,3.2146071750032145E-4,9606,Homo sapiens,"FN1","",,,"R-HSA-8874079"
R-HSA-9029569,"NR1H3 & NR1H2 regulate gene expression linked to cholesterol transport and efflux",2,66,1,347,0.00410958904109589,0.2971570937183885,0.5370586068337619,3,40,0.0025716857400025716,9606,Homo sapiens,"APOE","ENSG00000130203;P02649",APOE,P02655;P02649,"R-HSA-9031512;R-HSA-9031522;R-HSA-9031527"
R-HSA-69473,"G2/M DNA damage checkpoint",0,82,1,61,0.00510585305105853,0.29808037451099423,0.5370586068337619,3,12,7.715057220007715E-4,9606,Homo sapiens,"","",HLA-DRB5,O14757,"R-HSA-75028;R-HSA-176116;R-HSA-6799246"
R-HSA-9634597,"GPER1 signaling",1,56,0,76,0.0034869240348692405,0.30190227604916875,0.5370586068337619,1,10,6.429214350006429E-4,9606,Homo sapiens,"FN1","",,,"R-HSA-9624017"
R-HSA-8963898,"Plasma lipoprotein assembly",1,30,0,106,0.0018679950186799503,0.30190227604916875,0.5370586068337619,1,19,0.0012215507265012214,9606,Homo sapiens,"APOE","",,,"R-HSA-174660"
R-HSA-975956,"Nonsense Mediated Decay (NMD) independent of the Exon Junction Complex (EJC)",1,101,0,39,0.006288916562889165,0.3057036765400295,0.5370586068337619,1,1,6.429214350006429E-5,9606,Homo sapiens,"RPL41","",,,"R-HSA-927789"
R-HSA-9840309,"Glycosphingolipid biosynthesis",0,72,1,68,0.00448318804483188,0.31511819509795336,0.5370586068337619,1,15,9.643821525009644E-4,9606,Homo sapiens,"","",HMOX1,Q16880,"R-HSA-6785933"
R-HSA-5684996,"MAPK1/MAPK3 signaling",3,316,1,459,0.019676214196762142,0.31618819828111544,0.5370586068337619,10,82,0.005271955767005272,9606,Homo sapiens,"FN1;ACTG1","P63261;P60709;P02751",HLA-A,P36507,"R-HSA-9657603;R-HSA-5672980;R-HSA-109858;R-HSA-5672978;R-HSA-9657606;R-HSA-109864;R-HSA-5672972;R-HSA-9657608;R-HSA-5672973;R-HSA-9657599"
R-HSA-499943,"Interconversion of nucleotide di- and triphosphates",0,80,3,61,0.0049813200498132005,0.3188486911909558,0.5370586068337619,6,33,0.0021216407355021216,9606,Homo sapiens,"","",CCL5;VIM;GAPDH,P10599;P27144;P54819,"R-HSA-110145;R-HSA-110144;R-HSA-111751;R-HSA-6788798;R-HSA-111804;R-HSA-73646"
R-HSA-9933939,"Formation of the polybromo-BAF (pBAF) complex",1,18,1,141,0.00112079701120797,0.3207064258392066,0.5370586068337619,2,6,3.8575286100038574E-4,9606,Homo sapiens,"ACTG1","P60709",VIM,Q12824,"R-HSA-9933237;R-HSA-9932449"
R-HSA-5626978,"TNFR1-mediated ceramide production",0,6,1,137,3.7359900373599005E-4,0.3207064258392066,0.5370586068337619,1,3,1.9287643050019287E-4,9606,Homo sapiens,"","",RPL41,P63244,"R-HSA-5626982"
R-HSA-8875878,"MET promotes cell motility",1,45,0,103,0.002801992528019925,0.3207064258392066,0.5370586068337619,1,12,7.715057220007715E-4,9606,Homo sapiens,"FN1","",,,"R-HSA-8874079"
R-HSA-192823,"Viral mRNA Translation",1,114,0,30,0.007098381070983811,0.3225591692229818,0.5370586068337619,2,2,1.2858428700012858E-4,9606,Homo sapiens,"RPL41","",,,"R-HSA-192704;R-HSA-192841"
R-HSA-9678110,"Attachment and Entry",0,20,1,127,0.0012453300124533001,0.3225591692229818,0.5370586068337619,4,10,6.429214350006429E-4,9606,Homo sapiens,"","",VIM,Q9BYF1,"R-HSA-9678128;R-HSA-9695415;R-HSA-9686710;R-HSA-9686731"
R-HSA-8852135,"Protein ubiquitination",2,83,0,361,0.005168119551681195,0.32417795163960905,0.5370586068337619,2,32,0.0020573485920020573,9606,Homo sapiens,"HLA-B;HLA-A","",,,"R-HSA-8943080;R-HSA-8943083"
R-HSA-9706374,"FLT3 signaling through SRC family kinases",0,6,2,145,3.7359900373599005E-4,0.3299204937500646,0.5370586068337619,1,4,2.5716857400025716E-4,9606,Homo sapiens,"","",GAPDH;FN1,P06241,"R-HSA-9605259"
R-HSA-8851680,"Butyrophilin (BTN) family interactions",0,12,2,138,7.471980074719801E-4,0.3299204937500646,0.5370586068337619,1,8,5.143371480005143E-4,9606,Homo sapiens,"","",VIM;FTH1,O60437,"R-HSA-8938431"
R-HSA-9824585,"Regulation of MITF-M-dependent genes involved in pigmentation",1,53,0,104,0.0033001245330012453,0.3335715501944201,0.5370586068337619,4,23,0.0014787193005014788,9606,Homo sapiens,"ACTG1","",,,"R-HSA-9824981;R-HSA-9825847;R-HSA-9824593;R-HSA-9824579"
R-HSA-1280218,"Adaptive Immune System",8,928,10,1695,0.057783312577833125,0.3358909015682293,0.5370586068337619,71,269,0.017294586601517295,9606,Homo sapiens,"CD74;HLA-DRB5;HLA-B;HLA-A;CTSD;HLA-DQA1;CD99;HLA-DQB1","P07339;P14209;P04439;P01889;P01920;P01909;P04233;Q30154",VIM;FN1;ARPC1B;FTH1;HLA-B;HLA-A;GAPDH;HLA-B;FN1;HLA-DQA1,Q6ISS4;P42768;P43629;P61769;O15533;P06241;P04233;O60437,"R-HSA-2130336;R-HSA-199043;R-HSA-199169;R-HSA-8862084;R-HSA-2130725;R-HSA-202245;R-HSA-2130731;R-HSA-202248;R-HSA-983427;R-HSA-2130349;R-HSA-983426;R-HSA-199566;R-HSA-2130478;R-HSA-983425;R-HSA-983424;R-HSA-2130486;R-HSA-2130619;R-HSA-199576;R-HSA-2213248;R-HSA-8951595;R-HSA-198955;R-HSA-8863914;R-HSA-202291;R-HSA-2130706;R-HSA-5696357;R-HSA-202165;R-HSA-8938431;R-HSA-202168;R-HSA-202174;R-HSA-202307;R-HSA-8951498;R-HSA-8951499;R-HSA-8951500;R-HSA-1236954;R-HSA-2213235;R-HSA-8855381;R-HSA-2213236;R-HSA-2213239;R-HSA-2213241;R-HSA-2213243;R-HSA-8856157;R-HSA-1236943;R-HSA-2213244;R-HSA-2213246;R-HSA-8863973;R-HSA-430180;R-HSA-983148;R-HSA-2130500;R-HSA-983146;R-HSA-202214;R-HSA-983145;R-HSA-2130504;R-HSA-983142;R-HSA-2130378;R-HSA-202216;R-HSA-202344;R-HSA-983138;R-HSA-389354;R-HSA-8852200;R-HSA-2130640;R-HSA-2130641;R-HSA-983422;R-HSA-983421;R-HSA-8863858;R-HSA-1236964;R-HSA-983161;R-HSA-1236965;R-HSA-2130393;R-HSA-1236971;R-HSA-202233;R-HSA-389758"
R-HSA-9764561,"Regulation of CDH1 Function",2,65,1,389,0.004047322540473225,0.33710570164448006,0.5370586068337619,4,16,0.0010286742960010286,9606,Homo sapiens,"ACTG1","P63261;P60709",RPL41,P63244,"R-HSA-9934294;R-HSA-9934486;R-HSA-9934751;R-HSA-9934410"
R-HSA-5467340,"AXIN missense mutants destabilize the destruction complex",0,14,1,141,8.717310087173101E-4,0.3372030084819938,0.5370586068337619,1,1,6.429214350006429E-5,9606,Homo sapiens,"","",GAPDH,P49841,"R-HSA-4839734"
R-HSA-4839735,"Signaling by AXIN mutants",0,15,1,141,9.339975093399751E-4,0.3390114207173379,0.5370586068337619,1,2,1.2858428700012858E-4,9606,Homo sapiens,"","",GAPDH,P49841,"R-HSA-4839734"
R-HSA-418885,"DCC mediated attractive signaling",0,19,1,139,0.0011830635118306352,0.3390114207173379,0.5370586068337619,1,12,7.715057220007715E-4,9606,Homo sapiens,"","",ARPC1B,O00401,"R-HSA-418874"
R-HSA-8964043,"Plasma lipoprotein clearance",1,46,1,116,0.00286425902864259,0.34261367587652936,0.5370586068337619,10,36,0.0023145171660023146,9606,Homo sapiens,"APOE","P02649",APOE,Q8WTV0-2;P01130,"R-HSA-174706;R-HSA-171122;R-HSA-171106;R-HSA-349637;R-HSA-174624;R-HSA-174657;R-HSA-349638;R-HSA-6784734;R-HSA-174808;R-HSA-171087"
R-HSA-9646399,"Aggrephagy",1,47,0,114,0.0029265255292652555,0.34261367587652936,0.5370586068337619,2,15,9.643821525009644E-4,9606,Homo sapiens,"VIM","",,,"R-HSA-9646679;R-HSA-9646685"
R-HSA-156827,"L13a-mediated translational silencing of Ceruloplasmin expression",1,120,0,45,0.007471980074719801,0.34619659090236043,0.5370586068337619,1,3,1.9287643050019287E-4,9606,Homo sapiens,"RPL41","",,,"R-HSA-156826"
R-HSA-8939246,"RUNX1 regulates transcription of genes involved in differentiation of myeloid cells",0,11,1,146,6.849315068493151E-4,0.34619659090236043,0.5370586068337619,1,7,4.5004500450045E-4,9606,Homo sapiens,"","",FN1,P17931,"R-HSA-8938382"
R-HSA-9758274,"Regulation of NF-kappa B signaling",0,20,1,145,0.0012453300124533001,0.34619659090236043,0.5370586068337619,1,11,7.072135785007072E-4,9606,Homo sapiens,"","",ACTG1,Q9Y6K9,"R-HSA-9757954"
R-HSA-9840310,"Glycosphingolipid catabolism",0,78,1,83,0.004856787048567871,0.34619659090236043,0.5370586068337619,1,34,0.002185932879002186,9606,Homo sapiens,"","",CTSD,Q8NBJ7,"R-HSA-1614336"
R-HSA-1362277,"Transcription of E2F targets under negative control by DREAM complex",0,25,1,140,0.001556662515566625,0.3479808278455391,0.5370586068337619,1,12,7.715057220007715E-4,9606,Homo sapiens,"","",GAPDH,P12004,"R-HSA-8961665"
R-HSA-380994,"ATF4 activates genes in response to endoplasmic reticulum  stress",0,34,2,130,0.0021170610211706103,0.349760268065049,0.5370586068337619,5,7,4.5004500450045E-4,9606,Homo sapiens,"","",APOE;CCL5,P18848;P13500,"R-HSA-517731;R-HSA-1791180;R-HSA-1791107;R-HSA-1791056;R-HSA-1791095"
R-HSA-2168880,"Scavenging of heme from plasma",0,106,1,54,0.006600249066002491,0.35153492426147825,0.5370586068337619,1,12,7.715057220007715E-4,9606,Homo sapiens,"","",APOE,Q07954,"R-HSA-2168897"
R-HSA-5683826,"Surfactant metabolism",1,52,0,109,0.0032378580323785804,0.35153492426147825,0.5370586068337619,2,29,0.0018644721615018644,9606,Homo sapiens,"CTSD","",,,"R-HSA-5684864;R-HSA-5685902"
R-HSA-70326,"Glucose metabolism",1,131,0,33,0.008156911581569115,0.35153492426147825,0.5370586068337619,2,40,0.0025716857400025716,9606,Homo sapiens,"GAPDH","",,,"R-HSA-70449;R-HSA-70482"
R-HSA-5624958,"ARL13B-mediated ciliary trafficking of INPP5E",0,3,1,160,1.8679950186799502E-4,0.35506993522198427,0.5370586068337619,1,4,2.5716857400025716E-4,9606,Homo sapiens,"","",HMOX1,Q3SXY8,"R-HSA-5624953"
R-HSA-5693548,"Sensing of DNA Double Strand Breaks",0,15,1,153,9.339975093399751E-4,0.36033688710504863,0.5370586068337619,2,9,5.786292915005787E-4,9606,Homo sapiens,"","",FN1,P52292,"R-HSA-5684006;R-HSA-5684008"
R-HSA-429914,"Deadenylation-dependent mRNA decay",0,67,1,110,0.004171855541718556,0.3638246249078141,0.5370586068337619,2,10,6.429214350006429E-4,9606,Homo sapiens,"","",PCBP2,P11940,"R-HSA-429955;R-HSA-429992"
R-HSA-6803529,"FGFR2 alternative splicing",0,28,1,145,0.0017434620174346202,0.3672936282650747,0.5370586068337619,1,4,2.5716857400025716E-4,9606,Homo sapiens,"","",VIM,Q6NXG1,"R-HSA-6803527"
R-HSA-111933,"Calmodulin induced events",0,43,1,130,0.0026774595267745954,0.36902113552051585,0.5370586068337619,2,23,0.0014787193005014788,9606,Homo sapiens,"","",FN1,P52292,"R-HSA-9619127;R-HSA-112282"
R-HSA-5467337,"APC truncation mutants have impaired AXIN binding",0,14,1,163,8.717310087173101E-4,0.3707439962925788,0.5370586068337619,1,1,6.429214350006429E-5,9606,Homo sapiens,"","",GAPDH,P49841,"R-HSA-4791278"
R-HSA-4839744,"Signaling by APC mutants",0,14,1,163,8.717310087173101E-4,0.3707439962925788,0.5370586068337619,1,2,1.2858428700012858E-4,9606,Homo sapiens,"","",GAPDH,P49841,"R-HSA-4791278"
R-HSA-72662,"Activation of the mRNA upon binding of the cap-binding complex and eIFs, and subsequent binding to 43S",0,66,1,122,0.00410958904109589,0.3758848226361775,0.5370586068337619,1,6,3.8575286100038574E-4,9606,Homo sapiens,"","",PCBP2,P11940,"R-HSA-156808"
R-HSA-1483249,"Inositol phosphate metabolism",1,90,0,85,0.00560398505603985,0.3758848226361775,0.5370586068337619,1,71,0.0045647421885045645,9606,Homo sapiens,"PLD3","",,,"R-HSA-1855214"
R-HSA-2682334,"EPH-Ephrin signaling",3,102,3,736,0.006351183063511831,0.37876563637653193,0.5370586068337619,5,56,0.0036003600360036,9606,Homo sapiens,"ARPC1B;ACTG1","P63261;P60709;O15143",ACTG1;FTH1;ARPC1B,O00560;O00401;P23528,"R-HSA-3928600;R-HSA-3928654;R-HSA-3928595;R-HSA-3928608;R-HSA-4093329"
R-HSA-156842,"Eukaryotic Translation Elongation",1,102,0,78,0.006351183063511831,0.3792890325886171,0.5370586068337619,4,9,5.786292915005787E-4,9606,Homo sapiens,"RPL41","",,,"R-HSA-156915;R-HSA-156912;R-HSA-156923;R-HSA-156907"
R-HSA-163560,"Triglyceride catabolism",0,42,1,135,0.00261519302615193,0.3792890325886171,0.5370586068337619,1,17,0.001092966439501093,9606,Homo sapiens,"","",VIM,P15090,"R-HSA-163549"
R-HSA-3215018,"Processing and activation of SUMO",0,13,1,172,8.094645080946451E-4,0.38098427182458117,0.5370586068337619,2,9,5.786292915005787E-4,9606,Homo sapiens,"","",VIM,P61956,"R-HSA-2993784;R-HSA-2990842"
R-HSA-381042,"PERK regulates gene expression",0,42,2,143,0.00261519302615193,0.38267495006747065,0.5370586068337619,6,11,7.072135785007072E-4,9606,Homo sapiens,"","",APOE;CCL5,P18848;P13500,"R-HSA-517731;R-HSA-1791180;R-HSA-1791107;R-HSA-1791056;R-HSA-1791095;R-HSA-381128"
R-HSA-70268,"Pyruvate metabolism",0,96,1,94,0.005977584059775841,0.38267495006747065,0.5370586068337619,2,31,0.001993056448501993,9606,Homo sapiens,"","",APOE,Q9BYZ2;P21796,"R-HSA-6807826;R-HSA-9012374"
R-HSA-1251985,"Nuclear signaling by ERBB4",2,47,3,448,0.0029265255292652555,0.3851236063417086,0.5370586068337619,4,34,0.002185932879002186,9606,Homo sapiens,"APOE","ENSG00000130203;P02649",CCL5;VIM;APOE,P14136;P02649;P48061,"R-HSA-9612243;R-HSA-9612246;R-HSA-1253321;R-HSA-8954199"
R-HSA-72706,"GTP hydrolysis and joining of the 60S ribosomal subunit",1,120,0,74,0.007471980074719801,0.386042671885666,0.5370586068337619,2,3,1.9287643050019287E-4,9606,Homo sapiens,"RPL41","",,,"R-HSA-72672;R-HSA-72671"
R-HSA-9933946,"Formation of the embryonic stem cell BAF (esBAF) complex",1,19,1,176,0.0011830635118306352,0.386042671885666,0.5370586068337619,2,5,3.2146071750032145E-4,9606,Homo sapiens,"ACTG1","P60709",VIM,Q12824,"R-HSA-9934026;R-HSA-9934024"
R-HSA-164938,"Nef-mediates down modulation of cell surface receptors by recruiting them to clathrin adapters",1,22,0,164,0.0013698630136986301,0.386042671885666,0.5370586068337619,4,15,9.643821525009644E-4,9606,Homo sapiens,"HLA-A","",,,"R-HSA-182243;R-HSA-182279;R-HSA-182263;R-HSA-182286"
R-HSA-450520,"HuR (ELAVL1) binds and stabilizes mRNA",0,12,2,168,7.471980074719801E-4,0.386042671885666,0.5370586068337619,1,7,4.5004500450045E-4,9606,Homo sapiens,"","",IL32;IL32,Q05655,"R-HSA-450533"
R-HSA-140875,"Common Pathway of Fibrin Clot Formation",0,25,2,162,0.001556662515566625,0.3893922943515765,0.5370586068337619,2,29,0.0018644721615018644,9606,Homo sapiens,"","",FN1;HLA-A,P07225;P05154,"R-HSA-5604929;R-HSA-5591086"
R-HSA-9694614,"Attachment and Entry",0,27,1,160,0.0016811955168119551,0.3927239132716416,0.5370586068337619,5,11,7.072135785007072E-4,9606,Homo sapiens,"","",VIM,Q9BYF1,"R-HSA-9694579;R-HSA-9694661;R-HSA-9699007;R-HSA-9694287;R-HSA-9698988"
R-HSA-445989,"TAK1-dependent IKK and NF-kappa-B activation  ",0,55,1,145,0.003424657534246575,0.3927239132716416,0.5370586068337619,2,17,0.001092966439501093,9606,Homo sapiens,"","",ACTG1,Q9Y6K9,"R-HSA-5609665;R-HSA-9757954"
R-HSA-9683610,"Maturation of nucleoprotein",0,17,1,170,0.0010585305105853052,0.3927239132716416,0.5370586068337619,1,9,5.786292915005787E-4,9606,Homo sapiens,"","",GAPDH,P49841,"R-HSA-9687724"
R-HSA-1834941,"STING mediated induction of host immune responses",0,24,1,167,0.0014943960149439602,0.39603762395290576,0.5370586068337619,2,19,0.0012215507265012214,9606,Homo sapiens,"","",GAPDH,Q9UHD2,"R-HSA-1834939;R-HSA-3249378"
R-HSA-9762292,"Regulation of CDH11 function",0,13,1,177,8.094645080946451E-4,0.39603762395290576,0.5370586068337619,1,10,6.429214350006429E-4,9606,Homo sapiens,"","",GAPDH,P35222,"R-HSA-9762282"
R-HSA-3000178,"ECM proteoglycans",1,79,1,112,0.0049190535491905356,0.39603762395290576,0.5370586068337619,2,23,0.0014787193005014788,9606,Homo sapiens,"FN1","P02751",FN1,P07585,"R-HSA-2327909;R-HSA-2681681"
R-HSA-111997,"CaM pathway",0,43,1,146,0.0026774595267745954,0.39603762395290576,0.5370586068337619,2,24,0.001543011444001543,9606,Homo sapiens,"","",FN1,P52292,"R-HSA-9619127;R-HSA-112282"
R-HSA-9856532,"Mechanical load activates signaling by PIEZO1 and integrins in osteocytes",0,24,1,164,0.0014943960149439602,0.39933352120561294,0.5370586068337619,3,11,7.072135785007072E-4,9606,Homo sapiens,"","",VIM,P31749,"R-HSA-9906597;R-HSA-9857661;R-HSA-9857673"
R-HSA-975634,"Retinoid metabolism and transport",1,79,2,115,0.0049190535491905356,0.4009748192892397,0.5370586068337619,8,28,0.0018001800180018,9606,Homo sapiens,"APOE","P02649",FTH1;APOE,P02649;P02753;P01130,"R-HSA-2404135;R-HSA-2404131;R-HSA-2404140;R-HSA-2424254;R-HSA-2395768;R-HSA-2395784;R-HSA-2423785;R-HSA-2429643"
R-HSA-112409,"RAF-independent MAPK1/3 activation",0,28,1,172,0.0017434620174346202,0.40261169934574226,0.5370586068337619,2,12,7.715057220007715E-4,9606,Homo sapiens,"","",HLA-A,P36507,"R-HSA-109858;R-HSA-109864"
R-HSA-9670095,"Inhibition of DNA recombination at telomere",0,47,1,149,0.0029265255292652555,0.40424417308780014,0.5370586068337619,1,4,2.5716857400025716E-4,9606,Homo sapiens,"","",FTH1,Q9UER7,"R-HSA-9007926"
R-HSA-5467348,"Truncations of AMER1 destabilize the destruction complex",0,14,1,184,8.717310087173101E-4,0.4058722521975313,0.5370586068337619,1,1,6.429214350006429E-5,9606,Homo sapiens,"","",GAPDH,P49841,"R-HSA-4839746"
R-HSA-168271,"Transport of Ribonucleoproteins into the Host Nucleus",0,48,1,152,0.0029887920298879204,0.40749594832654357,0.5370586068337619,2,4,2.5716857400025716E-4,9606,Homo sapiens,"","",CD74,Q14974,"R-HSA-168310;R-HSA-168317"
R-HSA-4839748,"Signaling by AMER1 mutants",0,15,1,184,9.339975093399751E-4,0.40749594832654357,0.5370586068337619,1,2,1.2858428700012858E-4,9606,Homo sapiens,"","",GAPDH,P49841,"R-HSA-4839746"
R-HSA-175474,"Assembly Of The HIV Virion",0,27,1,168,0.0016811955168119551,0.40749594832654357,0.5370586068337619,3,16,0.0010286742960010286,9606,Homo sapiens,"","",CTSD,P04578,"R-HSA-171291;R-HSA-174494;R-HSA-174493"
R-HSA-264642,"Acetylcholine Neurotransmitter Release Cycle",0,26,1,169,0.0016189290161892902,0.40749594832654357,0.5370586068337619,1,6,3.8575286100038574E-4,9606,Homo sapiens,"","",HMOX1,Q16623,"R-HSA-372505"
R-HSA-2172127,"DAP12 interactions",1,52,1,154,0.0032378580323785804,0.4091152730960268,0.5370586068337619,2,33,0.0021216407355021216,9606,Homo sapiens,"HLA-B","P01889",APOE,Q9NZC2,"R-HSA-210298;R-HSA-210300"
R-HSA-9682706,"Replication of the SARS-CoV-1 genome",0,17,1,178,0.0010585305105853052,0.4091152730960268,0.5370586068337619,1,21,0.0013501350135013501,9606,Homo sapiens,"","",FN1,P40337,"R-HSA-9683455"
R-HSA-9034015,"Signaling by NTRK3 (TRKC)",0,27,1,174,0.0016811955168119551,0.4123408548895824,0.5370586068337619,3,19,0.0012215507265012214,9606,Homo sapiens,"","",HLA-A,Q16288,"R-HSA-9034016;R-HSA-9603534;R-HSA-9603548"
R-HSA-1474244,"Extracellular matrix organization",4,351,3,935,0.021855541718555416,0.4137324801100135,0.5370586068337619,35,330,0.021216407355021217,9606,Homo sapiens,"FN1;CTSD;ACTG1","P07339;P63261;P60709;P02751",CD74;FN1;APOE,P02751;P07996;P16070;P08254;P08253;P09238;P07585,"R-HSA-8940554;R-HSA-1602458;R-HSA-3828025;R-HSA-2327909;R-HSA-1604368;R-HSA-2545196;R-HSA-1592278;R-HSA-2534248;R-HSA-1604360;R-HSA-1454791;R-HSA-1566981;R-HSA-2485111;R-HSA-2396337;R-HSA-2327733;R-HSA-2533950;R-HSA-2752115;R-HSA-349593;R-HSA-2533944;R-HSA-1604359;R-HSA-202723;R-HSA-2471621;R-HSA-9913335;R-HSA-2327746;R-HSA-2681675;R-HSA-1604731;R-HSA-3788061;R-HSA-349603;R-HSA-1604350;R-HSA-2537665;R-HSA-1592371;R-HSA-2731141;R-HSA-3785684;R-HSA-216050;R-HSA-2681681;R-HSA-9914537"
R-HSA-390247,"Beta-oxidation of very long chain fatty acids",0,44,1,152,0.0027397260273972603,0.4139471350046501,0.5370586068337619,2,13,8.357978655008358E-4,9606,Homo sapiens,"","",ACTG1,Q08426,"R-HSA-6809264;R-HSA-6809263"
R-HSA-390466,"Chaperonin-mediated protein folding",1,96,1,113,0.005977584059775841,0.41554908994234363,0.5370586068337619,4,19,0.0012215507265012214,9606,Homo sapiens,"ACTG1","P60709",ACTG1,P60709,"R-HSA-390453;R-HSA-389970;R-HSA-389980;R-HSA-390459"
R-HSA-2408522,"Selenoamino acid metabolism",1,182,0,15,0.01133250311332503,0.41554908994234363,0.5370586068337619,2,33,0.0021216407355021216,9606,Homo sapiens,"RPL41","",,,"R-HSA-2408529;R-HSA-5333615"
R-HSA-6783589,"Interleukin-6 family signaling",0,30,1,177,0.0018679950186799503,0.41554908994234363,0.5370586068337619,2,34,0.002185932879002186,9606,Homo sapiens,"","",APOE,P26441;Q9UBD9,"R-HSA-6783670;R-HSA-5696491"
R-HSA-9694686,"Replication of the SARS-CoV-2 genome",0,22,1,176,0.0013698630136986301,0.41554908994234363,0.5370586068337619,1,22,0.0014144271570014145,9606,Homo sapiens,"","",FN1,P40337,"R-HSA-9694520"
R-HSA-1483206,"Glycerophospholipid biosynthesis",2,222,0,306,0.013823163138231632,0.4157044841298887,0.5370586068337619,1,134,0.008615147229008616,9606,Homo sapiens,"PLD3","",,,"R-HSA-1483142"
R-HSA-9694682,"SARS-CoV-2 Genome Replication and Transcription",0,24,1,176,0.0014943960149439602,0.4187400701367646,0.5370586068337619,1,28,0.0018001800180018,9606,Homo sapiens,"","",FN1,P40337,"R-HSA-9694520"
R-HSA-5578775,"Ion homeostasis",0,64,1,137,0.00398505603985056,0.42032911824424724,0.5370586068337619,2,17,0.001092966439501093,9606,Homo sapiens,"","",GAPDH,P17612,"R-HSA-5617182;R-HSA-5617179"
R-HSA-8979227,"Triglyceride metabolism",0,66,1,136,0.00410958904109589,0.42032911824424724,0.5370586068337619,1,24,0.001543011444001543,9606,Homo sapiens,"","",VIM,P15090,"R-HSA-163549"
R-HSA-5610783,"Degradation of GLI2 by the proteasome",0,49,1,154,0.0030510585305105853,0.42191388687604625,0.5370586068337619,1,5,3.2146071750032145E-4,9606,Homo sapiens,"","",GAPDH,P49841,"R-HSA-5610730"
R-HSA-9024446,"NR1H2 and NR1H3-mediated signaling",2,85,1,458,0.005292652552926526,0.4232365862293641,0.5370586068337619,3,60,0.0038575286100038576,9606,Homo sapiens,"APOE","ENSG00000130203;P02649",APOE,P02655;P02649,"R-HSA-9031512;R-HSA-9031522;R-HSA-9031527"
R-HSA-9683686,"Maturation of spike protein",0,13,1,191,8.094645080946451E-4,0.4234943873830814,0.5370586068337619,5,8,5.143371480005143E-4,9606,Homo sapiens,"","",VIM,P59594,"R-HSA-9683719;R-HSA-9683653;R-HSA-9683755;R-HSA-9683663;R-HSA-9683772"
R-HSA-2032785,"YAP1- and WWTR1 (TAZ)-stimulated gene expression",0,18,1,191,0.00112079701120797,0.4234943873830814,0.5370586068337619,1,9,5.786292915005787E-4,9606,Homo sapiens,"","",FN1,P29279,"R-HSA-1989766"
R-HSA-8866376,"Reelin signalling pathway",0,7,2,197,4.3586550435865506E-4,0.42507063108662757,0.5370586068337619,1,4,2.5716857400025716E-4,9606,Homo sapiens,"","",GAPDH;FN1,P06241,"R-HSA-8855237"
R-HSA-181429,"Serotonin Neurotransmitter Release Cycle",0,23,1,183,0.001432129514321295,0.42507063108662757,0.5370586068337619,1,4,2.5716857400025716E-4,9606,Homo sapiens,"","",HMOX1,Q16623,"R-HSA-380905"
R-HSA-3000170,"Syndecan interactions",1,29,1,183,0.0018057285180572852,0.42507063108662757,0.5370586068337619,2,15,9.643821525009644E-4,9606,Homo sapiens,"FN1","P02751",FN1,P07996,"R-HSA-2681675;R-HSA-2731141"
R-HSA-5610785,"GLI3 is processed to GLI3R by the proteasome",0,49,1,158,0.0030510585305105853,0.42664262927840313,0.5370586068337619,1,5,3.2146071750032145E-4,9606,Homo sapiens,"","",GAPDH,P49841,"R-HSA-5610732"
R-HSA-9754189,"Germ layer formation at gastrulation",0,24,1,185,0.0014943960149439602,0.4282103932206206,0.5370586068337619,4,11,7.072135785007072E-4,9606,Homo sapiens,"","",GAPDH,P35222,"R-HSA-9756948;R-HSA-9756724;R-HSA-9754480;R-HSA-9754191"
R-HSA-5693616,"Presynaptic phase of homologous DNA pairing and strand exchange",0,42,1,177,0.00261519302615193,0.42977393414607956,0.5370586068337619,2,7,4.5004500450045E-4,9606,Homo sapiens,"","",HLA-DRB5,O14757,"R-HSA-5685230;R-HSA-5685242"
R-HSA-5260271,"Diseases of Immune System",0,47,1,172,0.0029265255292652555,0.42977393414607956,0.5370586068337619,1,14,9.000900090009E-4,9606,Homo sapiens,"","",ACTG1,Q9Y6K9,"R-HSA-5228840"
R-HSA-5602358,"Diseases associated with the TLR signaling cascade",0,47,1,172,0.0029265255292652555,0.42977393414607956,0.5370586068337619,1,14,9.000900090009E-4,9606,Homo sapiens,"","",ACTG1,Q9Y6K9,"R-HSA-5228840"
R-HSA-983189,"Kinesins",0,68,1,145,0.004234122042341221,0.43288839173128324,0.5370586068337619,1,14,9.000900090009E-4,9606,Homo sapiens,"","",VIM,Q9HAQ2,"R-HSA-984775"
R-HSA-181430,"Norepinephrine Neurotransmitter Release Cycle",0,30,1,183,0.0018679950186799503,0.4359860913109398,0.5370586068337619,1,6,3.8575286100038574E-4,9606,Homo sapiens,"","",HMOX1,Q16623,"R-HSA-374922"
R-HSA-74752,"Signaling by Insulin receptor",1,102,0,124,0.006351183063511831,0.43752868462028005,0.5370586068337619,1,34,0.002185932879002186,9606,Homo sapiens,"CTSD","",,,"R-HSA-74730"
R-HSA-69481,"G2/M Checkpoints",0,142,1,89,0.00884184308841843,0.4390671216961194,0.5370586068337619,5,24,0.001543011444001543,9606,Homo sapiens,"","",HLA-DRB5,O14757,"R-HSA-75010;R-HSA-69604;R-HSA-75028;R-HSA-176116;R-HSA-6799246"
R-HSA-9926550,"Regulation of MITF-M-dependent genes involved in extracellular matrix, focal adhesion and epithelial-to-mesenchymal transition",0,23,1,191,0.001432129514321295,0.44060141356743976,0.5370586068337619,1,22,0.0014144271570014145,9606,Homo sapiens,"","",FN1,P49023,"R-HSA-9926526"
R-HSA-5689603,"UCH proteinases",1,84,0,184,0.00523038605230386,0.44213157123441826,0.5370586068337619,1,11,7.072135785007072E-4,9606,Homo sapiens,"ACTG1","",,,"R-HSA-5689544"
R-HSA-9679514,"SARS-CoV-1 Genome Replication and Transcription",0,18,1,200,0.00112079701120797,0.4436576056684758,0.5370586068337619,1,26,0.0016715957310016716,9606,Homo sapiens,"","",FN1,P40337,"R-HSA-9683455"
R-HSA-9615710,"Late endosomal microautophagy",1,35,0,183,0.0021793275217932753,0.44517952781236436,0.5370586068337619,3,3,1.9287643050019287E-4,9606,Homo sapiens,"VIM","",,,"R-HSA-9631065;R-HSA-9615721;R-HSA-9631068"
R-HSA-9648895,"Response of EIF2AK1 (HRI) to heme deficiency",0,29,1,198,0.0018057285180572852,0.45122631134209523,0.5370586068337619,8,20,0.0012858428700012858,9606,Homo sapiens,"","",APOE,P18848,"R-HSA-9654752;R-HSA-9635927;R-HSA-9653893;R-HSA-9635915;R-HSA-9654792;R-HSA-9653742;R-HSA-9655086;R-HSA-381128"
R-HSA-5693579,"Homologous DNA Pairing and Strand Exchange",0,45,1,192,0.002801992528019925,0.45422531178278447,0.5370586068337619,2,10,6.429214350006429E-4,9606,Homo sapiens,"","",HLA-DRB5,O14757,"R-HSA-5685230;R-HSA-5685242"
R-HSA-212676,"Dopamine Neurotransmitter Release Cycle",0,28,1,205,0.0017434620174346202,0.45869356550793583,0.5370586068337619,1,5,3.2146071750032145E-4,9606,Homo sapiens,"","",HMOX1,Q16623,"R-HSA-380574"
R-HSA-71403,"Citric acid cycle (TCA cycle)",0,83,1,151,0.005168119551681195,0.45869356550793583,0.5370586068337619,2,23,0.0014787193005014788,9606,Homo sapiens,"","",HLA-B,P31040,"R-HSA-9854672;R-HSA-9854961"
R-HSA-373753,"Nephrin family interactions",0,25,4,209,0.001556662515566625,0.46017496034697347,0.5370586068337619,3,13,8.357978655008358E-4,9606,Homo sapiens,"","",ARPC1B;GAPDH;ACTG1;FN1,P06241;O00401;P46940,"R-HSA-532603;R-HSA-8981534;R-HSA-451377"
R-HSA-351906,"Apoptotic cleavage of cell adhesion  proteins",0,11,1,219,6.849315068493151E-4,0.46017496034697347,0.5370586068337619,1,10,6.429214350006429E-4,9606,Homo sapiens,"","",GAPDH,P35222,"R-HSA-202969"
R-HSA-69205,"G1/S-Specific Transcription",0,43,2,191,0.0026774595267745954,0.46165236139494437,0.5370586068337619,2,28,0.0018001800180018,9606,Homo sapiens,"","",GAPDH;CRIP1,P04183;P12004,"R-HSA-8961665;R-HSA-8962039"
R-HSA-6783310,"Fanconi Anemia Pathway",0,53,1,189,0.0033001245330012453,0.46165236139494437,0.5370586068337619,1,15,9.643821525009644E-4,9606,Homo sapiens,"","",VIM,O15287,"R-HSA-6785126"
R-HSA-8963899,"Plasma lipoprotein remodeling",1,56,2,183,0.0034869240348692405,0.46606070769809826,0.5370586068337619,5,31,0.001993056448501993,9606,Homo sapiens,"APOE","P02649",FN1;APOE,P02649;P02655;P08519,"R-HSA-174690;R-HSA-174739;R-HSA-174757;R-HSA-266303;R-HSA-176879"
R-HSA-391251,"Protein folding",1,102,1,147,0.006351183063511831,0.46606070769809826,0.5370586068337619,4,28,0.0018001800180018,9606,Homo sapiens,"ACTG1","P60709",ACTG1,P60709,"R-HSA-390453;R-HSA-389970;R-HSA-389980;R-HSA-390459"
R-HSA-9604323,"Negative regulation of NOTCH4 signaling",0,47,1,189,0.0029265255292652555,0.4718832298678496,0.5370586068337619,1,6,3.8575286100038574E-4,9606,Homo sapiens,"","",VIM,P31749,"R-HSA-9604328"
R-HSA-210500,"Glutamate Neurotransmitter Release Cycle",0,32,1,205,0.00199252801992528,0.4718832298678496,0.5370586068337619,1,8,5.143371480005143E-4,9606,Homo sapiens,"","",HMOX1,Q16623,"R-HSA-210426"
R-HSA-5621575,"CD209 (DC-SIGN) signaling",0,30,1,216,0.0018679950186799503,0.4718832298678496,0.5370586068337619,1,11,7.072135785007072E-4,9606,Homo sapiens,"","",CCL5,Q04206,"R-HSA-5660980"
R-HSA-1489509,"DAG and IP3 signaling",0,53,1,185,0.0033001245330012453,0.4718832298678496,0.5370586068337619,2,28,0.0018001800180018,9606,Homo sapiens,"","",FN1,P52292,"R-HSA-9619127;R-HSA-112282"
R-HSA-6803205,"TP53 regulates transcription of several additional cell death genes whose specific roles in p53-dependent apoptosis remain uncertain",0,28,1,214,0.0017434620174346202,0.47620903267111325,0.5370586068337619,2,19,0.0012215507265012214,9606,Homo sapiens,"","",GAPDH,Q92696,"R-HSA-6801089;R-HSA-6801101"
R-HSA-373755,"Semaphorin interactions",0,71,2,181,0.004420921544209215,0.47764319584484594,0.5370586068337619,2,41,0.002635977883502636,9606,Homo sapiens,"","",ACTG1;GAPDH,P49841;P23528,"R-HSA-399950;R-HSA-399951"
R-HSA-72737,"Cap-dependent Translation Initiation",1,130,1,126,0.00809464508094645,0.47907349066633054,0.5370586068337619,4,18,0.0011572585830011573,9606,Homo sapiens,"RPL41","P62945",PCBP2,P11940,"R-HSA-72673;R-HSA-72672;R-HSA-156808;R-HSA-72671"
R-HSA-6796648,"TP53 Regulates Transcription of DNA Repair Genes",0,86,1,161,0.005354919053549191,0.47907349066633054,0.5370586068337619,1,17,0.001092966439501093,9606,Homo sapiens,"","",ACTG1,P40692,"R-HSA-6806392"
R-HSA-927802,"Nonsense-Mediated Decay (NMD)",1,124,1,137,0.007721046077210461,0.4833412676468716,0.5370586068337619,6,6,3.8575286100038574E-4,9606,Homo sapiens,"RPL41","P62945",PCBP2,P11940,"R-HSA-927836;R-HSA-927789;R-HSA-927832;R-HSA-927830;R-HSA-927813;R-HSA-927889"
R-HSA-975957,"Nonsense Mediated Decay (NMD) enhanced by the Exon Junction Complex (EJC)",1,124,1,137,0.007721046077210461,0.4833412676468716,0.5370586068337619,5,5,3.2146071750032145E-4,9606,Homo sapiens,"RPL41","P62945",PCBP2,P11940,"R-HSA-927836;R-HSA-927832;R-HSA-927830;R-HSA-927813;R-HSA-927889"
R-HSA-4791275,"Signaling by WNT in cancer",0,38,1,216,0.0023661270236612704,0.4833412676468716,0.5370586068337619,3,16,0.0010286742960010286,9606,Homo sapiens,"","",GAPDH,P49841,"R-HSA-4791278;R-HSA-4839746;R-HSA-4839734"
R-HSA-350054,"Notch-HLH transcription pathway",0,28,1,225,0.0017434620174346202,0.4875745977981635,0.5370586068337619,2,2,1.2858428700012858E-4,9606,Homo sapiens,"","",HLA-A,Q13573,"R-HSA-212356;R-HSA-350058"
R-HSA-5625886,"Activated PKN1 stimulates transcription of AR (androgen receptor) regulated genes KLK2 and KLK3",0,48,1,199,0.0029887920298879204,0.4875745977981635,0.5370586068337619,1,11,7.072135785007072E-4,9606,Homo sapiens,"","",VIM,Q16512,"R-HSA-5625717"
R-HSA-168638,"NOD1/2 Signaling Pathway",0,41,2,222,0.002552926525529265,0.49037781609669984,0.5370586068337619,3,18,0.0011572585830011573,9606,Homo sapiens,"","",ACTG1;VIM,Q9HC29;Q9Y6K9,"R-HSA-9676160;R-HSA-622415;R-HSA-168412"
R-HSA-9830364,"Formation of the nephric duct",0,31,1,216,0.0019302615193026152,0.49037781609669984,0.5370586068337619,2,19,0.0012215507265012214,9606,Homo sapiens,"","",GAPDH,P35222,"R-HSA-9830368;R-HSA-9830371"
R-HSA-375165,"NCAM signaling for neurite out-growth",0,70,2,183,0.0043586550435865505,0.4917737549743775,0.5370586068337619,1,23,0.0014787193005014788,9606,Homo sapiens,"","",GAPDH;FN1,P06241,"R-HSA-391867"
R-HSA-111996,"Ca-dependent events",0,50,1,204,0.00311332503113325,0.4931659270623613,0.5370586068337619,2,27,0.001735887874501736,9606,Homo sapiens,"","",FN1,P52292,"R-HSA-9619127;R-HSA-112282"
R-HSA-140877,"Formation of Fibrin Clot (Clotting Cascade)",0,43,2,219,0.0026774595267745954,0.49593901088576176,0.5370586068337619,2,61,0.003921820753503922,9606,Homo sapiens,"","",FN1;HLA-A,P07225;P05154,"R-HSA-5604929;R-HSA-5591086"
R-HSA-8849469,"PTK6 Regulates RTKs and Their Effectors AKT1 and DOK1",0,11,1,243,6.849315068493151E-4,0.49731994256401846,0.5370586068337619,1,8,5.143371480005143E-4,9606,Homo sapiens,"","",VIM,P31749,"R-HSA-8848751"
R-HSA-9617629,"Regulation of FOXO transcriptional activity by acetylation",0,16,1,245,9.9626400996264E-4,0.49731994256401846,0.5370586068337619,1,9,5.786292915005787E-4,9606,Homo sapiens,"","",GAPDH,P10599,"R-HSA-9617735"
R-HSA-9640148,"Infection with Enterobacteria",1,212,0,45,0.013200498132004981,0.49869714733838444,0.5370586068337619,2,77,0.0049504950495049506,9606,Homo sapiens,"FN1","",,,"R-HSA-9932034;R-HSA-9638552"
R-HSA-9675126,"Diseases of mitotic cell cycle",0,38,1,232,0.0023661270236612704,0.5014404157747266,0.5370586068337619,1,5,3.2146071750032145E-4,9606,Homo sapiens,"","",FTH1,Q9UER7,"R-HSA-9670619"
R-HSA-6807062,"Cholesterol biosynthesis via lathosterol",0,28,1,229,0.0017434620174346202,0.5028064991715755,0.5370586068337619,2,11,7.072135785007072E-4,9606,Homo sapiens,"","",HMOX1,Q15800,"R-HSA-9947207;R-HSA-9947203"
R-HSA-9837999,"Mitochondrial protein degradation",0,104,1,160,0.006475716064757161,0.5028064991715755,0.5370586068337619,1,20,0.0012858428700012858,9606,Homo sapiens,"","",GAPDH,P17612,"R-HSA-9838321"
R-HSA-9705671,"SARS-CoV-2 activates/modulates innate and adaptive immune responses",2,160,2,509,0.009962640099626401,0.5043492054771868,0.5370586068337619,7,47,0.0030217307445030215,9606,Homo sapiens,"HLA-B;HLA-A","P04439;P01889",FN1;GAPDH,P52292;Q9UHD2,"R-HSA-9755328;R-HSA-9705010;R-HSA-9705299;R-HSA-9755359;R-HSA-983426;R-HSA-9705082;R-HSA-9754827"
R-HSA-204005,"COPII-mediated vesicle transport",0,78,1,197,0.004856787048567871,0.5055276134662894,0.5370586068337619,1,16,0.0010286742960010286,9606,Homo sapiens,"","",CD74,O15155,"R-HSA-5694425"
R-HSA-9008059,"Interleukin-37 signaling",0,36,1,227,0.00224159402241594,0.5068826639444621,0.5370586068337619,1,14,9.000900090009E-4,9606,Homo sapiens,"","",GAPDH,Q9UHD2,"R-HSA-9008684"
R-HSA-6807878,"COPI-mediated anterograde transport",0,107,1,164,0.006662515566625156,0.5109259056466648,0.5370586068337619,1,12,7.715057220007715E-4,9606,Homo sapiens,"","",CD74,O15155,"R-HSA-6809015"
R-HSA-180024,"DARPP-32 events",0,35,1,236,0.0021793275217932753,0.5149364861999163,0.5370586068337619,1,12,7.715057220007715E-4,9606,Homo sapiens,"","",GAPDH,P17612,"R-HSA-180073"
R-HSA-112043,"PLC beta mediated events",0,69,1,204,0.004296388542963886,0.5189146654740296,0.5370586068337619,2,32,0.0020573485920020573,9606,Homo sapiens,"","",FN1,P52292,"R-HSA-9619127;R-HSA-112282"
R-HSA-72613,"Eukaryotic Translation Initiation",1,130,1,166,0.00809464508094645,0.5228607013027106,0.5370586068337619,5,21,0.0013501350135013501,9606,Homo sapiens,"RPL41","P62945",PCBP2,P11940,"R-HSA-72673;R-HSA-72672;R-HSA-156826;R-HSA-156808;R-HSA-72671"
R-HSA-390918,"Peroxisomal lipid metabolism",0,92,1,179,0.00572851805728518,0.5228607013027106,0.5370586068337619,2,36,0.0023145171660023146,9606,Homo sapiens,"","",ACTG1,Q08426,"R-HSA-6809264;R-HSA-6809263"
R-HSA-9675135,"Diseases of DNA repair",0,54,1,231,0.0033623910336239102,0.5228607013027106,0.5370586068337619,1,34,0.002185932879002186,9606,Homo sapiens,"","",ACTG1,P40692,"R-HSA-5632958"
R-HSA-5628897,"TP53 Regulates Metabolic Genes",0,128,2,159,0.00797011207970112,0.5254736607957103,0.5370586068337619,3,34,0.002185932879002186,9606,Homo sapiens,"","",FTH1;GAPDH,P10599;Q92574,"R-HSA-165179;R-HSA-3341343;R-HSA-73646"
R-HSA-112040,"G-protein mediated events",0,75,1,204,0.004669987546699875,0.5267748494992659,0.5370586068337619,2,41,0.002635977883502636,9606,Homo sapiens,"","",FN1,P52292,"R-HSA-9619127;R-HSA-112282"
R-HSA-6809371,"Formation of the cornified envelope",0,138,3,149,0.008592777085927771,0.5293666916986839,0.5370586068337619,13,27,0.001735887874501736,9606,Homo sapiens,"","",UCP2;VIM;FTH1,Q9Y337;P20930;P07476;P22735;O60437,"R-HSA-6814374;R-HSA-8849638;R-HSA-8849797;R-HSA-8850818;R-HSA-8849826;R-HSA-8849857;R-HSA-8850831;R-HSA-8849646;R-HSA-8934819;R-HSA-8850794;R-HSA-6810899;R-HSA-8942224;R-HSA-6810843"
R-HSA-435354,"Zinc transporters",0,16,2,266,9.9626400996264E-4,0.5306573638721903,0.5370586068337619,2,13,8.357978655008358E-4,9606,Homo sapiens,"","",HLA-A;HLA-B,Q9ULF5;Q6ZMH5,"R-HSA-442405;R-HSA-442345"
R-HSA-389356,"Co-stimulation by CD28",0,56,2,229,0.0034869240348692405,0.5319445491725568,0.5370586068337619,1,19,0.0012215507265012214,9606,Homo sapiens,"","",GAPDH;FN1,P06241,"R-HSA-389354"
R-HSA-1660662,"Glycosphingolipid metabolism",0,137,2,147,0.008530510585305106,0.5319445491725568,0.5370586068337619,2,49,0.0031503150315031502,9606,Homo sapiens,"","",CTSD;HMOX1,Q8NBJ7;Q16880,"R-HSA-1614336;R-HSA-6785933"
R-HSA-6803157,"Antimicrobial peptides",0,123,1,160,0.007658779576587796,0.5319445491725568,0.5370586068337619,1,58,0.003728944323003729,9606,Homo sapiens,"","",IL32,P24158,"R-HSA-6801687"
R-HSA-1236394,"Signaling by ERBB4",2,82,3,583,0.00510585305105853,0.533081919674758,0.5370586068337619,4,52,0.0033431914620033433,9606,Homo sapiens,"APOE","ENSG00000130203;P02649",CCL5;VIM;APOE,P14136;P02649;P48061,"R-HSA-9612243;R-HSA-9612246;R-HSA-1253321;R-HSA-8954199"
R-HSA-418555,"G alpha (s) signalling events",1,190,0,92,0.011830635118306352,0.5332282568775488,0.5370586068337619,1,28,0.0018001800180018,9606,Homo sapiens,"FN1","",,,"R-HSA-9624017"
R-HSA-3232142,"SUMOylation of ubiquitinylation proteins",0,43,1,243,0.0026774595267745954,0.5357852764910287,0.5370586068337619,1,3,1.9287643050019287E-4,9606,Homo sapiens,"","",FN1,P40337,"R-HSA-4551721"
R-HSA-2426168,"Activation of gene expression by SREBF (SREBP)",0,71,2,217,0.004420921544209215,0.5370586068337619,0.5370586068337619,2,42,0.0027002700270027003,9606,Homo sapiens,"","",CD74;HMOX1,P37268;Q9H5J4,"R-HSA-1655835;R-HSA-1655850"
R-HSA-195258,"RHO GTPase Effectors",3,325,4,771,0.020236612702366128,0.5371640877871137,0.5371640877871137,20,113,0.007265012215507265,9606,Homo sapiens,"ARPC1B;ACTG1","P63261;P60709;O15143",ACTG1;VIM;FN1;CD68,P05556;Q15058;Q16512;P23528,"R-HSA-5625717;R-HSA-5665751;R-HSA-2029466;R-HSA-5671763;R-HSA-442592;R-HSA-5665809;R-HSA-5666001;R-HSA-5665982;R-HSA-5665659;R-HSA-5671737;R-HSA-5665767;R-HSA-5671749;R-HSA-5671970;R-HSA-5666049;R-HSA-2197690;R-HSA-3928608;R-HSA-5665802;R-HSA-203070;R-HSA-5626507;R-HSA-2029473"
R-HSA-4641262,"Disassembly of the destruction complex and recruitment of AXIN to the membrane",0,33,1,260,0.002054794520547945,0.5383284964497572,0.5383284964497572,2,7,4.5004500450045E-4,9606,Homo sapiens,"","",GAPDH,P49841;P35222,"R-HSA-201685;R-HSA-5323526"
R-HSA-9933937,"Formation of the canonical BAF (cBAF) complex",1,18,1,283,0.00112079701120797,0.5395949544958688,0.5395949544958688,2,5,3.2146071750032145E-4,9606,Homo sapiens,"ACTG1","P60709",VIM,Q12824,"R-HSA-9933238;R-HSA-9932447"
R-HSA-164944,"Nef and signal transduction",0,9,2,283,5.60398505603985E-4,0.5408579901049597,0.5408579901049597,1,5,3.2146071750032145E-4,9606,Homo sapiens,"","",GAPDH;FN1,P06241,"R-HSA-200908"
R-HSA-5696399,"Global Genome Nucleotide Excision Repair (GG-NER)",1,92,0,216,0.00572851805728518,0.5408579901049597,0.5408579901049597,1,20,0.0012858428700012858,9606,Homo sapiens,"ACTG1","",,,"R-HSA-5691006"
R-HSA-9013507,"NOTCH3 Activation and Transmission of Signal to the Nucleus",0,28,1,261,0.0017434620174346202,0.5421176123859556,0.5421176123859556,1,15,9.643821525009644E-4,9606,Homo sapiens,"","",CTSD,O00308,"R-HSA-9021520"
R-HSA-76002,"Platelet activation, signaling and aggregation",3,294,1,806,0.01830635118306351,0.542428257608521,0.542428257608521,18,119,0.00765076507650765,9606,Homo sapiens,"CFD;FN1;TAGLN2","P00746;P37802;P02751",VIM,P11021,"R-HSA-354149;R-HSA-429415;R-HSA-354087;R-HSA-372705;R-HSA-429441;R-HSA-481007;R-HSA-377644;R-HSA-354124;R-HSA-377641;R-HSA-377640;R-HSA-377643;R-HSA-354165;R-HSA-372693;R-HSA-482772;R-HSA-354066;R-HSA-354073;R-HSA-372697;R-HSA-351323"
R-HSA-6806667,"Metabolism of fat-soluble vitamins",1,89,2,209,0.0055417185554171855,0.5483648410145259,0.5483648410145259,8,33,0.0021216407355021216,9606,Homo sapiens,"APOE","P02649",FTH1;APOE,P02649;P02753;P01130,"R-HSA-2404135;R-HSA-2404131;R-HSA-2404140;R-HSA-2424254;R-HSA-2395768;R-HSA-2395784;R-HSA-2423785;R-HSA-2429643"
R-HSA-6811558,"PI5P, PP2A and IER3 Regulate PI3K/AKT Signaling",0,137,1,165,0.008530510585305106,0.5483648410145259,0.5483648410145259,1,7,4.5004500450045E-4,9606,Homo sapiens,"","",VIM,P31749,"R-HSA-6811504"
R-HSA-9010553,"Regulation of expression of SLITs and ROBOs",1,170,1,132,0.010585305105853052,0.5483648410145259,0.5483648410145259,2,20,0.0012858428700012858,9606,Homo sapiens,"RPL41","P62945",PCBP2,P11940,"R-HSA-9014652;R-HSA-9014610"
R-HSA-3299685,"Detoxification of Reactive Oxygen Species",0,64,1,232,0.00398505603985056,0.5496041732819741,0.5496041732819741,3,34,0.002185932879002186,9606,Homo sapiens,"","",GAPDH,P10599,"R-HSA-3697882;R-HSA-3341343;R-HSA-73646"
R-HSA-69615,"G1/S DNA Damage Checkpoints",0,64,1,247,0.00398505603985056,0.5520727960448786,0.5520727960448786,1,26,0.0016715957310016716,9606,Homo sapiens,"","",HLA-DRB5,O14757,"R-HSA-69604"
R-HSA-202733,"Cell surface interactions at the vascular wall",3,257,0,835,0.016002490660024907,0.5547968231591346,0.5547968231591346,3,65,0.004178989327504179,9606,Homo sapiens,"CD74;FN1;CD99","",,,"R-HSA-202723;R-HSA-5676133;R-HSA-8867097"
R-HSA-381183,"ATF6 (ATF6-alpha) activates chaperone genes",0,15,2,287,9.339975093399751E-4,0.5557507592039146,0.5557507592039146,2,5,3.2146071750032145E-4,9606,Homo sapiens,"","",APOE;VIM,P18848;P11021,"R-HSA-1791150;R-HSA-1791107"
R-HSA-9694548,"Maturation of spike protein",0,48,1,268,0.0029887920298879204,0.5593989694352082,0.5593989694352082,7,12,7.715057220007715E-4,9606,Homo sapiens,"","",VIM,P0DTC2,"R-HSA-9694467;R-HSA-9694337;R-HSA-9696807;R-HSA-9694341;R-HSA-9694793;R-HSA-9694780;R-HSA-9694364"
R-HSA-9842860,"Regulation of endogenous retroelements",1,113,0,204,0.007036114570361146,0.5606084687791941,0.5606084687791941,2,17,0.001092966439501093,9606,Homo sapiens,"ACTG1","",,,"R-HSA-9845308;R-HSA-9727450"
R-HSA-381033,"ATF6 (ATF6-alpha) activates chaperones",0,17,2,291,0.0010585305105853052,0.5630176638077398,0.5630176638077398,2,10,6.429214350006429E-4,9606,Homo sapiens,"","",APOE;VIM,P18848;P11021,"R-HSA-1791150;R-HSA-1791107"
R-HSA-6804756,"Regulation of TP53 Activity through Phosphorylation",0,95,1,215,0.005915317559153176,0.5630176638077398,0.5630176638077398,1,26,0.0016715957310016716,9606,Homo sapiens,"","",HLA-DRB5,O14757,"R-HSA-6799246"
R-HSA-6794362,"Protein-protein interactions at synapses",0,93,1,225,0.005790784557907846,0.5630176638077398,0.5630176638077398,1,33,0.0021216407355021216,9606,Homo sapiens,"","",HLA-A,Q16288,"R-HSA-6798257"
R-HSA-354192,"Integrin signaling",1,39,0,277,0.0024283935242839353,0.566607077530376,0.566607077530376,15,24,0.001543011444001543,9606,Homo sapiens,"FN1","",,,"R-HSA-354149;R-HSA-429415;R-HSA-354087;R-HSA-372705;R-HSA-429441;R-HSA-377644;R-HSA-354124;R-HSA-377641;R-HSA-377640;R-HSA-377643;R-HSA-354165;R-HSA-372693;R-HSA-354066;R-HSA-354073;R-HSA-372697"
R-HSA-9609736,"Assembly and cell surface presentation of NMDA receptors",0,49,1,264,0.0030510585305105853,0.5677970823474295,0.5677970823474295,1,23,0.0014787193005014788,9606,Homo sapiens,"","",VIM,P07196,"R-HSA-9610879"
R-HSA-5674400,"Constitutive Signaling by AKT1 E17K in Cancer",0,29,1,296,0.0018057285180572852,0.5736989946469581,0.5736989946469581,15,18,0.0011572585830011573,9606,Homo sapiens,"","",VIM,P31749,"R-HSA-2399941;R-HSA-2243942;R-HSA-2400001;R-HSA-2399969;R-HSA-2399981;R-HSA-2399982;R-HSA-2399977;R-HSA-2399988;R-HSA-2219536;R-HSA-2399985;R-HSA-2399996;R-HSA-2399997;R-HSA-2399966;R-HSA-2399999;R-HSA-2399992"
R-HSA-3371453,"Regulation of HSF1-mediated heat shock response",0,113,1,211,0.007036114570361146,0.574869814461844,0.574869814461844,1,14,9.000900090009E-4,9606,Homo sapiens,"","",GAPDH,P49841,"R-HSA-3371435"
R-HSA-9633012,"Response of EIF2AK4 (GCN2) to amino acid deficiency",1,115,1,206,0.007160647571606476,0.576037466528108,0.576037466528108,10,16,0.0010286742960010286,9606,Homo sapiens,"RPL41","P62945",APOE,P18848,"R-HSA-9633008;R-HSA-9635936;R-HSA-9635927;R-HSA-9635892;R-HSA-9635915;R-HSA-9633742;R-HSA-381128;R-HSA-9634669;R-HSA-9633005;R-HSA-9635804"
R-HSA-432722,"Golgi Associated Vesicle Biogenesis",1,61,0,273,0.0037982565379825655,0.5795215005353935,0.5795215005353935,1,7,4.5004500450045E-4,9606,Homo sapiens,"FTH1","",,,"R-HSA-434362"
R-HSA-8939902,"Regulation of RUNX2 expression and activity",0,69,1,251,0.004296388542963886,0.5806765657968878,0.5806765657968878,1,29,0.0018644721615018644,9606,Homo sapiens,"","",GAPDH,P49841,"R-HSA-9008476"
R-HSA-9820965,"Respiratory syncytial virus (RSV) genome replication, transcription and translation",0,46,1,278,0.00286425902864259,0.5806765657968878,0.5806765657968878,1,65,0.004178989327504179,9606,Homo sapiens,"","",CD74,Q14974,"R-HSA-9831702"
R-HSA-180746,"Nuclear import of Rev protein",0,41,1,287,0.002552926525529265,0.5818285052943053,0.5818285052943053,1,7,4.5004500450045E-4,9606,Homo sapiens,"","",CD74,Q14974,"R-HSA-180709"
R-HSA-5576891,"Cardiac conduction",0,147,1,175,0.009153175591531755,0.5818285052943053,0.5818285052943053,2,33,0.0021216407355021216,9606,Homo sapiens,"","",GAPDH,P17612,"R-HSA-5617182;R-HSA-5617179"
R-HSA-76009,"Platelet Aggregation (Plug Formation)",1,53,0,277,0.0033001245330012453,0.5829773273585753,0.5829773273585753,15,27,0.001735887874501736,9606,Homo sapiens,"FN1","",,,"R-HSA-354149;R-HSA-429415;R-HSA-354087;R-HSA-372705;R-HSA-429441;R-HSA-377644;R-HSA-354124;R-HSA-377641;R-HSA-377640;R-HSA-377643;R-HSA-354165;R-HSA-372693;R-HSA-354066;R-HSA-354073;R-HSA-372697"
R-HSA-983169,"Class I MHC mediated antigen processing & presentation",2,404,2,341,0.02515566625155666,0.5848539537428339,0.5848539537428339,22,52,0.0033431914620033433,9606,Homo sapiens,"HLA-B;HLA-A","P04439;P01889",HLA-A;HLA-B,O15533;P61769,"R-HSA-8863973;R-HSA-8951499;R-HSA-983148;R-HSA-8951595;R-HSA-983146;R-HSA-983145;R-HSA-1236954;R-HSA-983142;R-HSA-983427;R-HSA-983426;R-HSA-983138;R-HSA-8863914;R-HSA-983425;R-HSA-983424;R-HSA-983422;R-HSA-983421;R-HSA-8863858;R-HSA-1236964;R-HSA-983161;R-HSA-1236965;R-HSA-1236971;R-HSA-1236943"
R-HSA-199418,"Negative regulation of the PI3K/AKT network",0,145,1,192,0.009028642590286426,0.5852656524020903,0.5852656524020903,1,10,6.429214350006429E-4,9606,Homo sapiens,"","",VIM,P31749,"R-HSA-6811504"
R-HSA-450294,"MAP kinase activation",0,69,1,275,0.004296388542963886,0.5864051719340933,0.5864051719340933,1,32,0.0020573485920020573,9606,Homo sapiens,"","",PLD3,P19838,"R-HSA-451634"
R-HSA-844456,"The NLRP3 inflammasome",1,24,1,308,0.0014943960149439602,0.5875416071385675,0.5875416071385675,4,18,0.0011572585830011573,9606,Homo sapiens,"HMOX1","P09601",GAPDH,P10599,"R-HSA-1250272;R-HSA-1250264;R-HSA-1250280;R-HSA-1250253"
R-HSA-9637687,"Suppression of phagosomal maturation",0,32,1,295,0.00199252801992528,0.589805257432024,0.589805257432024,1,17,0.001092966439501093,9606,Homo sapiens,"","",GAPDH,P35228,"R-HSA-9636261"
R-HSA-425410,"Metal ion SLC transporters",0,31,2,306,0.0019302615193026152,0.5909324889006582,0.5909324889006582,2,20,0.0012858428700012858,9606,Homo sapiens,"","",HLA-A;HLA-B,Q9ULF5;Q6ZMH5,"R-HSA-442405;R-HSA-442345"
R-HSA-5696398,"Nucleotide Excision Repair",1,117,0,236,0.0072851805728518055,0.5909324889006582,0.5909324889006582,1,37,0.002378809309502379,9606,Homo sapiens,"ACTG1","",,,"R-HSA-5691006"
R-HSA-9013973,"TICAM1-dependent activation of IRF3/IRF7",0,15,1,322,9.339975093399751E-4,0.5931778052697383,0.5931778052697383,1,15,9.643821525009644E-4,9606,Homo sapiens,"","",GAPDH,Q9UHD2,"R-HSA-9828196"
R-HSA-8857538,"PTK6 promotes HIF1A stabilization",0,9,1,325,5.60398505603985E-4,0.594295906421177,0.594295906421177,1,6,3.8575286100038574E-4,9606,Homo sapiens,"","",ACTG1,Q5S007,"R-HSA-8857565"
R-HSA-622312,"Inflammasomes",1,34,1,310,0.0021170610211706103,0.5954109803489953,0.5954109803489953,4,28,0.0018001800180018,9606,Homo sapiens,"HMOX1","P09601",GAPDH,P10599,"R-HSA-1250272;R-HSA-1250264;R-HSA-1250280;R-HSA-1250253"
R-HSA-447043,"Neurofascin interactions",0,9,1,326,5.60398505603985E-4,0.5987381194074086,0.5987381194074086,1,7,4.5004500450045E-4,9606,Homo sapiens,"","",FTH1,O00560,"R-HSA-373738"
R-HSA-3214847,"HATs acetylate histones",1,110,0,243,0.00684931506849315,0.5987381194074086,0.5987381194074086,1,15,9.643821525009644E-4,9606,Homo sapiens,"ACTG1","",,,"R-HSA-3321975"
R-HSA-449147,"Signaling by Interleukins",9,646,8,3037,0.0402241594022416,0.6004832865939278,0.6004832865939278,17,505,0.032467532467532464,9606,Homo sapiens,"IL32;CCL5;FN1;HMOX1;VIM","P24001;ENSG00000100292;P08670;ENSG00000271503;ENSG00000026025;P13501;ENSG00000115414;P09601;P02751",IL32;VIM;ACTG1;VIM;PLD3;APOE;GAPDH;HMOX1,P26441;P00441;Q16623;Q53EL6;P24158;P63104;Q9Y6K9;P17612;P19838;P23528;Q9UBD9;Q9UHD2,"R-HSA-6785895;R-HSA-9008684;R-HSA-913451;R-HSA-6784160;R-HSA-448591;R-HSA-8950721;R-HSA-6783670;R-HSA-6797268;R-HSA-5609665;R-HSA-451634;R-HSA-9757954;R-HSA-912757;R-HSA-8950771;R-HSA-449117;R-HSA-8950581;R-HSA-5696491;R-HSA-6790041"
R-HSA-5625740,"RHO GTPases activate PKNs",0,79,1,266,0.0049190535491905356,0.6009412234222145,0.6009412234222145,4,20,0.0012858428700012858,9606,Homo sapiens,"","",VIM,Q16512,"R-HSA-5625717;R-HSA-5671749;R-HSA-5671763;R-HSA-5671737"
R-HSA-8940973,"RUNX2 regulates osteoblast differentiation",0,34,1,306,0.0021170610211706103,0.6020383027858707,0.6020383027858707,1,24,0.001543011444001543,9606,Homo sapiens,"","",FN1,P02452,"R-HSA-8985644"
R-HSA-168273,"Influenza Viral RNA Transcription and Replication",1,173,0,179,0.010772104607721046,0.6074792903784214,0.6074792903784214,2,14,9.000900090009E-4,9606,Homo sapiens,"RPL41","",,,"R-HSA-192704;R-HSA-192841"
R-HSA-5638303,"Inhibition of Signaling by Overexpressed EGFR",0,8,2,342,4.9813200498132E-4,0.6096351081724289,0.6096351081724289,1,2,1.2858428700012858E-4,9606,Homo sapiens,"","",SH3BGRL3;GAPDH,P00533,"R-HSA-1248677"
R-HSA-5638302,"Signaling by Overexpressed Wild-Type EGFR in Cancer",0,8,2,342,4.9813200498132E-4,0.6096351081724289,0.6096351081724289,1,2,1.2858428700012858E-4,9606,Homo sapiens,"","",SH3BGRL3;GAPDH,P00533,"R-HSA-1248677"
R-HSA-15869,"Metabolism of nucleotides",0,256,3,90,0.01594022415940224,0.6096351081724289,0.6096351081724289,6,142,0.009129484377009129,9606,Homo sapiens,"","",CCL5;VIM;GAPDH,P10599;P27144;P54819,"R-HSA-110145;R-HSA-110144;R-HSA-111751;R-HSA-6788798;R-HSA-111804;R-HSA-73646"
R-HSA-5620920,"Cargo trafficking to the periciliary membrane",0,57,1,312,0.0035491905354919054,0.6128469833566297,0.6128469833566297,1,27,0.001735887874501736,9606,Homo sapiens,"","",HMOX1,Q3SXY8,"R-HSA-5624953"
R-HSA-448424,"Interleukin-17 signaling",0,78,1,294,0.004856787048567871,0.61497375634224,0.61497375634224,1,35,0.0022502250225022503,9606,Homo sapiens,"","",PLD3,P19838,"R-HSA-451634"
R-HSA-9932444,"ATP-dependent chromatin remodelers",1,31,1,346,0.0019302615193026152,0.6160328228518663,0.6160328228518663,9,20,0.0012858428700012858,9606,Homo sapiens,"ACTG1","P60709",VIM,Q12824,"R-HSA-9934023;R-HSA-9933238;R-HSA-9934021;R-HSA-9933237;R-HSA-9933236;R-HSA-9932449;R-HSA-9932447;R-HSA-9934026;R-HSA-9934024"
R-HSA-9932451,"SWI/SNF chromatin remodelers",1,31,1,346,0.0019302615193026152,0.6160328228518663,0.6160328228518663,9,20,0.0012858428700012858,9606,Homo sapiens,"ACTG1","P60709",VIM,Q12824,"R-HSA-9934023;R-HSA-9933238;R-HSA-9934021;R-HSA-9933237;R-HSA-9933236;R-HSA-9932449;R-HSA-9932447;R-HSA-9934026;R-HSA-9934024"
R-HSA-9834899,"Specification of the neural plate border",0,24,1,328,0.0014943960149439602,0.6160328228518663,0.6160328228518663,4,15,9.643821525009644E-4,9606,Homo sapiens,"","",GAPDH,P35222,"R-HSA-9835252;R-HSA-9835266;R-HSA-9834897;R-HSA-9835496"
R-HSA-4615885,"SUMOylation of DNA replication proteins",0,50,1,315,0.00311332503113325,0.6160328228518663,0.6160328228518663,1,8,5.143371480005143E-4,9606,Homo sapiens,"","",GAPDH,P12004,"R-HSA-4615910"
R-HSA-5218920,"VEGFR2 mediated vascular permeability",0,48,1,316,0.0029887920298879204,0.6160328228518663,0.6160328228518663,1,15,9.643821525009644E-4,9606,Homo sapiens,"","",VIM,P31749,"R-HSA-202137"
R-HSA-9609507,"Protein localization",1,171,0,202,0.010647571606475717,0.6191928345331523,0.6191928345331523,5,53,0.0034074836055034076,9606,Homo sapiens,"HMOX1","",,,"R-HSA-9609921;R-HSA-9609860;R-HSA-9610442;R-HSA-9609899;R-HSA-9609917"
R-HSA-2187338,"Visual phototransduction",1,165,2,198,0.010273972602739725,0.6223272246411122,0.6223272246411122,8,87,0.005593416484505593,9606,Homo sapiens,"APOE","P02649",FTH1;APOE,P02649;P02753;P01130,"R-HSA-2404135;R-HSA-2404131;R-HSA-2404140;R-HSA-2424254;R-HSA-2395768;R-HSA-2395784;R-HSA-2423785;R-HSA-2429643"
R-HSA-177243,"Interactions of Rev with host cellular proteins",0,47,1,323,0.0029265255292652555,0.6223272246411122,0.6223272246411122,1,16,0.0010286742960010286,9606,Homo sapiens,"","",CD74,Q14974,"R-HSA-180709"
R-HSA-977606,"Regulation of Complement cascade",1,139,3,234,0.008655043586550436,0.6244026849517363,0.6244026849517363,10,42,0.0027002700270027003,9606,Homo sapiens,"C1QC","P02747",HLA-A;APOE;HMOX1,P08603;Q9P296;P02748;P07225,"R-HSA-9021306;R-HSA-964811;R-HSA-8852481;R-HSA-1006169;R-HSA-976743;R-HSA-2530429;R-HSA-2530445;R-HSA-8852266;R-HSA-976768;R-HSA-981665"
R-HSA-6805567,"Keratinization",0,226,3,149,0.014072229140722292,0.6274948263509513,0.6274948263509513,13,34,0.002185932879002186,9606,Homo sapiens,"","",UCP2;VIM;FTH1,Q9Y337;P20930;P07476;P22735;O60437,"R-HSA-6814374;R-HSA-8849638;R-HSA-8849797;R-HSA-8850818;R-HSA-8849826;R-HSA-8849857;R-HSA-8850831;R-HSA-8849646;R-HSA-8934819;R-HSA-8850794;R-HSA-6810899;R-HSA-8942224;R-HSA-6810843"
R-HSA-1655829,"Regulation of cholesterol biosynthesis by SREBP (SREBF)",0,87,3,281,0.005417185554171856,0.6274948263509513,0.6274948263509513,3,52,0.0033431914620033433,9606,Homo sapiens,"","",CD74;CD74;HMOX1,P37268;Q14974;Q9H5J4,"R-HSA-2065550;R-HSA-1655835;R-HSA-1655850"
R-HSA-6804114,"TP53 Regulates Transcription of Genes Involved in G2 Cell Cycle Arrest",0,21,1,347,0.001307596513075965,0.6285199570034126,0.6285199570034126,1,11,7.072135785007072E-4,9606,Homo sapiens,"","",VIM,Q99873,"R-HSA-3215152"
R-HSA-2559586,"DNA Damage/Telomere Stress Induced Senescence",0,70,1,314,0.0043586550435865505,0.6285199570034126,0.6285199570034126,1,18,0.0011572585830011573,9606,Homo sapiens,"","",HMOX1,Q9NUX5,"R-HSA-3785711"
R-HSA-4755510,"SUMOylation of immune response proteins",0,12,1,360,7.471980074719801E-4,0.6295423084987208,0.6295423084987208,1,6,3.8575286100038574E-4,9606,Homo sapiens,"","",ACTG1,Q9Y6K9,"R-HSA-4755411"
R-HSA-4086400,"PCP/CE pathway",0,86,1,294,0.005354919053549191,0.6356184693565128,0.6356184693565128,1,24,0.001543011444001543,9606,Homo sapiens,"","",HLA-A,P34925,"R-HSA-4551555"
R-HSA-5668541,"TNFR2 non-canonical NF-kB pathway",0,91,1,302,0.005666251556662515,0.6356184693565128,0.6356184693565128,1,44,0.002828854314002829,9606,Homo sapiens,"","",APOE,Q8TBC4,"R-HSA-5607725"
R-HSA-912446,"Meiotic recombination",0,59,1,329,0.0036737235367372352,0.6376219571815618,0.6376219571815618,1,10,6.429214350006429E-4,9606,Homo sapiens,"","",ACTG1,P40692,"R-HSA-912429"
R-HSA-1483257,"Phospholipid metabolism",2,315,0,505,0.019613947696139476,0.6406748920963914,0.6406748920963914,1,219,0.01407997942651408,9606,Homo sapiens,"PLD3","",,,"R-HSA-1483142"
R-HSA-5357956,"TNFR1-induced NF-kappa-B signaling pathway",0,33,1,352,0.002054794520547945,0.6415964338249951,0.6415964338249951,1,5,3.2146071750032145E-4,9606,Homo sapiens,"","",RPL41,P63244,"R-HSA-5357776"
R-HSA-936440,"Negative regulators of DDX58/IFIH1 signaling",1,37,0,350,0.002303860523038605,0.6425833244934,0.6425833244934,2,13,8.357978655008358E-4,9606,Homo sapiens,"PCBP2","",,,"R-HSA-990526;R-HSA-990528"
R-HSA-9619483,"Activation of AMPK downstream of NMDARs",0,34,2,354,0.0021170610211706103,0.6445490819011948,0.6445490819011948,2,3,1.9287643050019287E-4,9606,Homo sapiens,"","",ACTG1;GAPDH,P10636-8,"R-HSA-9619542;R-HSA-9619515"
R-HSA-449836,"Other interleukin signaling",1,24,2,365,0.0014943960149439602,0.6445490819011948,0.6445490819011948,2,17,0.001092966439501093,9606,Homo sapiens,"IL32","P24001",IL32;HMOX1,P24158;Q16623,"R-HSA-448591;R-HSA-449117"
R-HSA-936964,"Activation of IRF3, IRF7 mediated by TBK1, IKKε (IKBKE)",0,21,1,368,0.001307596513075965,0.6474777651875077,0.6474777651875077,1,15,9.643821525009644E-4,9606,Homo sapiens,"","",GAPDH,Q9UHD2,"R-HSA-9823910"
R-HSA-5607764,"CLEC7A (Dectin-1) signaling",0,107,3,311,0.006662515566625156,0.6503826752675826,0.6503826752675826,2,45,0.0028931464575028933,9606,Homo sapiens,"","",IL32;IL32;APOE,Q8TBC4;Q05655,"R-HSA-5607734;R-HSA-5607725"
R-HSA-5610787,"Hedgehog 'off' state",0,111,1,293,0.006911581569115816,0.6532640022168448,0.6532640022168448,2,32,0.0020573485920020573,9606,Homo sapiens,"","",GAPDH,P49841,"R-HSA-5610732;R-HSA-5610730"
R-HSA-9759194,"Nuclear events mediated by NFE2L2",2,135,3,709,0.008405977584059776,0.6555249587862797,0.6555249587862797,7,85,0.0054648321975054644,9606,Homo sapiens,"HMOX1","ENSG00000100292;P09601",APOE;CCL5;GAPDH,P10599;P13500;P18848;P49841,"R-HSA-9796070;R-HSA-9761815;R-HSA-9759137;R-HSA-9796045;R-HSA-9796061;R-HSA-9762094;R-HSA-9759176"
R-HSA-2995410,"Nuclear Envelope (NE) Reassembly",0,88,1,333,0.005479452054794521,0.6598964427786924,0.6598964427786924,1,24,0.001543011444001543,9606,Homo sapiens,"","",CD74,Q14974,"R-HSA-9624798"
R-HSA-9711097,"Cellular response to starvation",1,176,1,227,0.010958904109589041,0.6617683626556963,0.6617683626556963,10,28,0.0018001800180018,9606,Homo sapiens,"RPL41","P62945",APOE,P18848,"R-HSA-9633008;R-HSA-9635936;R-HSA-9635927;R-HSA-9635892;R-HSA-9635915;R-HSA-9633742;R-HSA-381128;R-HSA-9634669;R-HSA-9633005;R-HSA-9635804"
R-HSA-9856530,"High laminar flow shear stress activates signaling by PIEZO1 and PECAM1:CDH5:KDR in endothelial cells",0,88,3,324,0.005479452054794521,0.6645572280789716,0.6645572280789716,2,31,0.001993056448501993,9606,Homo sapiens,"","",VIM;GAPDH;FN1,P31749;P06241,"R-HSA-9860500;R-HSA-9860833"
R-HSA-163841,"Gamma carboxylation, hypusinylation, hydroxylation, and arylsulfatase activation",0,95,2,319,0.005915317559153176,0.6682405056158145,0.6682405056158145,4,50,0.0032146071750032146,9606,Homo sapiens,"","",CTSD;HLA-A,P07225;Q8NBJ7,"R-HSA-159729;R-HSA-1614336;R-HSA-159752;R-HSA-159773"
R-HSA-3371556,"Cellular response to heat stress",0,135,1,285,0.008405977584059776,0.6682405056158145,0.6682405056158145,1,29,0.0018644721615018644,9606,Homo sapiens,"","",GAPDH,P49841,"R-HSA-3371435"
R-HSA-164952,"The role of Nef in HIV-1 replication and disease pathogenesis",1,29,2,389,0.0018057285180572852,0.6700671752814186,0.6700671752814186,5,20,0.0012858428700012858,9606,Homo sapiens,"HLA-A","P04439",GAPDH;FN1,P06241,"R-HSA-182243;R-HSA-182279;R-HSA-182263;R-HSA-182286;R-HSA-200908"
R-HSA-9833110,"RSV-host interactions",0,116,1,302,0.007222914072229141,0.6700671752814186,0.6700671752814186,1,27,0.001735887874501736,9606,Homo sapiens,"","",VIM,Q14457,"R-HSA-9837231"
R-HSA-8941326,"RUNX2 regulates bone development",0,43,1,370,0.0026774595267745954,0.6700671752814186,0.6700671752814186,1,32,0.0020573485920020573,9606,Homo sapiens,"","",FN1,P02452,"R-HSA-8985644"
R-HSA-2219528,"PI3K/AKT Signaling in Cancer",0,132,1,296,0.00821917808219178,0.6718839365930355,0.6718839365930355,15,21,0.0013501350135013501,9606,Homo sapiens,"","",VIM,P31749,"R-HSA-2399941;R-HSA-2243942;R-HSA-2400001;R-HSA-2399969;R-HSA-2399981;R-HSA-2399982;R-HSA-2399977;R-HSA-2399988;R-HSA-2219536;R-HSA-2399985;R-HSA-2399996;R-HSA-2399997;R-HSA-2399966;R-HSA-2399999;R-HSA-2399992"
R-HSA-888590,"GABA synthesis, release, reuptake and degradation",0,37,1,376,0.002303860523038605,0.6736908424862971,0.6736908424862971,1,10,6.429214350006429E-4,9606,Homo sapiens,"","",HMOX1,Q16623,"R-HSA-917744"
R-HSA-9860927,"Turbulent (oscillatory, disturbed) flow shear stress activates signaling by PIEZO1 and integrins in endothelial cells",1,42,0,380,0.00261519302615193,0.6745906161172466,0.6745906161172466,9,23,0.0014787193005014788,9606,Homo sapiens,"FN1","",,,"R-HSA-9865238;R-HSA-9865748;R-HSA-9865520;R-HSA-9865184;R-HSA-9865182;R-HSA-9865228;R-HSA-9861484;R-HSA-9865501;R-HSA-9865226"
R-HSA-9683701,"Translation of Structural Proteins",0,49,2,373,0.0030510585305105853,0.6763828375285137,0.6763828375285137,7,37,0.002378809309502379,9606,Homo sapiens,"","",VIM;GAPDH,P49841;P59594,"R-HSA-9683719;R-HSA-9683653;R-HSA-9683755;R-HSA-9683624;R-HSA-9683663;R-HSA-9683772;R-HSA-9687724"
R-HSA-9766229,"Degradation of CDH1",0,57,1,367,0.0035491905354919054,0.6772752983693449,0.6772752983693449,1,10,6.429214350006429E-4,9606,Homo sapiens,"","",RPL41,P63244,"R-HSA-9934751"
R-HSA-191273,"Cholesterol biosynthesis",0,86,1,330,0.005354919053549191,0.6772752983693449,0.6772752983693449,4,45,0.0028931464575028933,9606,Homo sapiens,"","",HMOX1,Q15800,"R-HSA-9947207;R-HSA-194641;R-HSA-9947203;R-HSA-194669"
R-HSA-264870,"Caspase-mediated cleavage of cytoskeletal proteins",1,12,2,408,7.471980074719801E-4,0.6799381594348959,0.6799381594348959,4,10,6.429214350006429E-4,9606,Homo sapiens,"VIM","P08670",VIM;APOE,P10636;P08670,"R-HSA-350319;R-HSA-350318;R-HSA-201629;R-HSA-201628"
R-HSA-9013694,"Signaling by NOTCH4",0,82,1,347,0.00510585305105853,0.6808209608719272,0.6808209608719272,1,20,0.0012858428700012858,9606,Homo sapiens,"","",VIM,P31749,"R-HSA-9604328"
R-HSA-9012852,"Signaling by NOTCH3",0,63,1,364,0.003922789539227895,0.6808209608719272,0.6808209608719272,1,37,0.002378809309502379,9606,Homo sapiens,"","",CTSD,O00308,"R-HSA-9021520"
R-HSA-1538133,"G0 and Early G1",0,38,1,406,0.0023661270236612704,0.6851991154192398,0.6851991154192398,1,27,0.001735887874501736,9606,Homo sapiens,"","",GAPDH,P12004,"R-HSA-8961665"
R-HSA-9660826,"Purinergic signaling in leishmaniasis infection",1,54,1,381,0.0033623910336239102,0.6877975556120189,0.6877975556120189,4,23,0.0014787193005014788,9606,Homo sapiens,"HMOX1","P09601",GAPDH,P10599,"R-HSA-1250272;R-HSA-1250280;R-HSA-1250264;R-HSA-1250253"
R-HSA-9664424,"Cell recruitment (pro-inflammatory response)",1,54,1,381,0.0033623910336239102,0.6877975556120189,0.6877975556120189,4,23,0.0014787193005014788,9606,Homo sapiens,"HMOX1","P09601",GAPDH,P10599,"R-HSA-1250272;R-HSA-1250280;R-HSA-1250264;R-HSA-1250253"
R-HSA-9830369,"Kidney development",0,75,1,355,0.004669987546699875,0.6877975556120189,0.6877975556120189,2,50,0.0032146071750032146,9606,Homo sapiens,"","",GAPDH,P35222,"R-HSA-9830368;R-HSA-9830371"
R-HSA-9609690,"HCMV Early Events",0,215,1,219,0.013387297633872976,0.6886589982644955,0.6886589982644955,1,12,7.715057220007715E-4,9606,Homo sapiens,"","",PLD3,P19838,"R-HSA-9621073"
R-HSA-9694631,"Maturation of nucleoprotein",0,24,2,411,0.0014943960149439602,0.6895180993668097,0.6895180993668097,3,14,9.000900090009E-4,9606,Homo sapiens,"","",VIM;GAPDH,Q99873;P49841,"R-HSA-9766608;R-HSA-9729283;R-HSA-9687724"
R-HSA-5637810,"Constitutive Signaling by EGFRvIII",0,22,2,415,0.0013698630136986301,0.6895180993668097,0.6895180993668097,1,18,0.0011572585830011573,9606,Homo sapiens,"","",SH3BGRL3;GAPDH,P00533,"R-HSA-1247999"
R-HSA-5637812,"Signaling by EGFRvIII in Cancer",0,22,2,415,0.0013698630136986301,0.6895180993668097,0.6895180993668097,1,18,0.0011572585830011573,9606,Homo sapiens,"","",SH3BGRL3;GAPDH,P00533,"R-HSA-1247999"
R-HSA-450513,"Tristetraprolin (TTP, ZFP36) binds and destabilizes mRNA",0,19,1,413,0.0011830635118306352,0.6903748651875203,0.6903748651875203,2,4,2.5716857400025716E-4,9606,Homo sapiens,"","",VIM,P26651;P31946,"R-HSA-450400;R-HSA-450394"
R-HSA-5693607,"Processing of DNA double-strand break ends",0,89,2,357,0.0055417185554171855,0.6903748651875203,0.6903748651875203,4,17,0.001092966439501093,9606,Homo sapiens,"","",VIM;HLA-DRB5,Q8N6T7;Q12888;O14757,"R-HSA-5684887;R-HSA-5684071;R-HSA-5684882;R-HSA-5685953"
R-HSA-1643713,"Signaling by EGFR in Cancer",0,32,2,415,0.00199252801992528,0.6946238833124214,0.6946238833124214,2,42,0.0027002700270027003,9606,Homo sapiens,"","",SH3BGRL3;GAPDH,P00533,"R-HSA-1248677;R-HSA-1247999"
R-HSA-174824,"Plasma lipoprotein assembly, remodeling, and clearance",1,102,2,351,0.006351183063511831,0.6954667681609585,0.6954667681609585,16,86,0.005529124341005529,9606,Homo sapiens,"APOE","P02649",FN1;APOE,P02649;P02655;P08519;Q8WTV0-2;P01130,"R-HSA-174690;R-HSA-171106;R-HSA-349637;R-HSA-174624;R-HSA-174657;R-HSA-349638;R-HSA-174660;R-HSA-174757;R-HSA-176879;R-HSA-171087;R-HSA-174706;R-HSA-171122;R-HSA-174739;R-HSA-6784734;R-HSA-174808;R-HSA-266303"
R-HSA-2179392,"EGFR Transactivation by Gastrin",0,13,3,428,8.094645080946451E-4,0.6979816960689275,0.6979816960689275,3,6,3.8575286100038574E-4,9606,Homo sapiens,"","",SH3BGRL3;APOE;GAPDH,P08254;P00533,"R-HSA-2179413;R-HSA-2179387;R-HSA-2179402"
R-HSA-5205685,"PINK1-PRKN Mediated Mitophagy",0,34,1,417,0.0021170610211706103,0.7004761624003387,0.7004761624003387,1,16,0.0010286742960010286,9606,Homo sapiens,"","",GAPDH,Q9UHD2,"R-HSA-9824888"
R-HSA-203615,"eNOS activation",0,41,1,403,0.002552926525529265,0.7013031325390604,0.7013031325390604,1,19,0.0012215507265012214,9606,Homo sapiens,"","",VIM,P31749,"R-HSA-202137"
R-HSA-264876,"Insulin processing",0,32,1,423,0.00199252801992528,0.7021278534403754,0.7021278534403754,1,17,0.001092966439501093,9606,Homo sapiens,"","",GAPDH,O00471,"R-HSA-265177"
R-HSA-445144,"Signal transduction by L1",0,25,2,425,0.001556662515566625,0.7045885808919753,0.7045885808919753,1,11,7.072135785007072E-4,9606,Homo sapiens,"","",SH3BGRL3;GAPDH,P00533,"R-HSA-445069"
R-HSA-6806834,"Signaling by MET",1,88,0,378,0.005479452054794521,0.7045885808919753,0.7045885808919753,1,51,0.003278899318503279,9606,Homo sapiens,"FN1","",,,"R-HSA-8874079"
R-HSA-159236,"Transport of Mature mRNA derived from an Intron-Containing Transcript",0,81,1,393,0.005043586550435865,0.7054043649364694,0.7054043649364694,1,4,2.5716857400025716E-4,9606,Homo sapiens,"","",PCBP2,P84103,"R-HSA-75096"
R-HSA-9679191,"Potential therapeutics for SARS",0,168,1,286,0.01046077210460772,0.7054043649364694,0.7054043649364694,1,36,0.0023145171660023146,9606,Homo sapiens,"","",VIM,Q9BYF1,"R-HSA-9683488"
R-HSA-9705683,"SARS-CoV-2-host interactions",2,248,2,727,0.015442092154420922,0.7078337033049567,0.7078337033049567,7,67,0.004307573614504308,9606,Homo sapiens,"HLA-B;HLA-A","P04439;P01889",FN1;GAPDH,P52292;Q9UHD2,"R-HSA-9755328;R-HSA-9705010;R-HSA-9705299;R-HSA-9755359;R-HSA-983426;R-HSA-9705082;R-HSA-9754827"
R-HSA-9613829,"Chaperone Mediated Autophagy",1,23,1,433,0.001432129514321295,0.7094501147936403,0.7094501147936403,12,19,0.0012215507265012214,9606,Homo sapiens,"VIM","P08670",VIM,P14136,"R-HSA-9626034;R-HSA-9626039;R-HSA-9625188;R-HSA-9620197;R-HSA-9622840;R-HSA-9615721;R-HSA-9624158;R-HSA-9626046;R-HSA-9622831;R-HSA-9625196;R-HSA-9626060;R-HSA-9625197"
R-HSA-6804757,"Regulation of TP53 Degradation",0,43,1,423,0.0026774595267745954,0.712647264428395,0.712647264428395,2,30,0.0019287643050019288,9606,Homo sapiens,"","",FTH1,Q9UER7,"R-HSA-3222072;R-HSA-3215295"
R-HSA-9020702,"Interleukin-1 signaling",0,112,2,399,0.006973848069738481,0.712647264428395,0.712647264428395,3,59,0.0037932364665037932,9606,Homo sapiens,"","",ACTG1;PLD3,P19838;Q9Y6K9,"R-HSA-5609665;R-HSA-451634;R-HSA-9757954"
R-HSA-8936459,"RUNX1 regulates genes involved in megakaryocyte differentiation and platelet function",0,76,1,391,0.004732254047322541,0.7134411214721021,0.7134411214721021,2,33,0.0021216407355021216,9606,Homo sapiens,"","",VIM,Q99873,"R-HSA-8935732;R-HSA-8934742"
R-HSA-373752,"Netrin-1 signaling",0,52,1,418,0.0032378580323785804,0.7142328180056416,0.7142328180056416,1,34,0.002185932879002186,9606,Homo sapiens,"","",ARPC1B,O00401,"R-HSA-418874"
R-HSA-9759475,"Regulation of CDH11 Expression and Function",0,35,1,433,0.0021793275217932753,0.717378114630217,0.717378114630217,1,28,0.0018001800180018,9606,Homo sapiens,"","",GAPDH,P35222,"R-HSA-9762282"
R-HSA-5683057,"MAPK family signaling cascades",3,367,2,1066,0.022851805728518058,0.7196194110285441,0.7196194110285441,11,122,0.007843641507007844,9606,Homo sapiens,"FN1;ACTG1","P63261;P60709;P02751",FTH1;HLA-A,P36507;P04792,"R-HSA-9657603;R-HSA-5672980;R-HSA-109858;R-HSA-5672978;R-HSA-9657606;R-HSA-5687121;R-HSA-109864;R-HSA-5672972;R-HSA-9657608;R-HSA-5672973;R-HSA-9657599"
R-HSA-4420097,"VEGFA-VEGFR2 Pathway",2,129,5,856,0.008032378580323785,0.7215348967446583,0.7215348967446583,4,79,0.005079079336505079,9606,Homo sapiens,"ACTG1","P63261;P60709",VIM;FN1;FTH1;GAPDH;FN1,P06241;P49023;P31749;P04792,"R-HSA-5218824;R-HSA-5218838;R-HSA-202137;R-HSA-5218916"
R-HSA-5250924,"B-WICH complex positively regulates rRNA expression",1,61,2,416,0.0037982565379825655,0.722800531567991,0.722800531567991,1,3,1.9287643050019287E-4,9606,Homo sapiens,"ACTG1","P60709",ACTG1;GAPDH,P49841;P60709,"R-HSA-5250947"
R-HSA-5205647,"Mitophagy",0,41,1,441,0.002552926525529265,0.722800531567991,0.722800531567991,1,23,0.0014787193005014788,9606,Homo sapiens,"","",GAPDH,Q9UHD2,"R-HSA-9824888"
R-HSA-1834949,"Cytosolic sensors of pathogen-associated DNA ",0,78,1,412,0.004856787048567871,0.725092931253756,0.725092931253756,7,50,0.0032146071750032146,9606,Homo sapiens,"","",GAPDH,P35222;Q9UHD2,"R-HSA-1834939;R-HSA-3249378;R-HSA-3134904;R-HSA-3134901;R-HSA-3134883;R-HSA-1606324;R-HSA-3134914"
R-HSA-9680350,"Signaling by CSF1 (M-CSF) in myeloid cells",0,41,2,447,0.002552926525529265,0.7288721666405632,0.7288721666405632,1,14,9.000900090009E-4,9606,Homo sapiens,"","",GAPDH;FN1,P06241,"R-HSA-9680348"
R-HSA-5339562,"Uptake and actions of bacterial toxins",0,60,1,430,0.0037359900373599006,0.7288721666405632,0.7288721666405632,1,66,0.004243281471004243,9606,Homo sapiens,"","",HLA-A,P36507,"R-HSA-5211356"
R-HSA-9616222,"Transcriptional regulation of granulopoiesis",0,70,1,425,0.0043586550435865505,0.7318586656434387,0.7318586656434387,11,27,0.001735887874501736,9606,Homo sapiens,"","",IL32,P49715,"R-HSA-9616243;R-HSA-9624112;R-HSA-9616241;R-HSA-9618582;R-HSA-9617207;R-HSA-9622363;R-HSA-9624120;R-HSA-9622367;R-HSA-9617087;R-HSA-9634430;R-HSA-9624668"
R-HSA-881907,"Gastrin-CREB signalling pathway via PKC and MAPK",0,24,3,463,0.0014943960149439602,0.7340772512246891,0.7340772512246891,3,9,5.786292915005787E-4,9606,Homo sapiens,"","",SH3BGRL3;APOE;GAPDH,P08254;P00533,"R-HSA-2179413;R-HSA-2179387;R-HSA-2179402"
R-HSA-397014,"Muscle contraction",1,232,1,265,0.014445828144458281,0.7370072587004453,0.7370072587004453,6,53,0.0034074836055034076,9606,Homo sapiens,"VIM","P08670",GAPDH,P17612,"R-HSA-390597;R-HSA-390598;R-HSA-390593;R-HSA-390595;R-HSA-5617182;R-HSA-5617179"
R-HSA-9772572,"Early SARS-CoV-2 Infection Events",0,66,2,427,0.00410958904109589,0.7370072587004453,0.7370072587004453,6,74,0.004757618619004758,9606,Homo sapiens,"","",VIM;FN1,P40337;Q9BYF1,"R-HSA-9694579;R-HSA-9694661;R-HSA-9694520;R-HSA-9699007;R-HSA-9694287;R-HSA-9698988"
R-HSA-9692916,"SARS-CoV-1 activates/modulates innate immune responses",1,60,2,455,0.0037359900373599006,0.7384603134754015,0.7384603134754015,4,30,0.0019287643050019288,9606,Homo sapiens,"PCBP2","Q15366",CD74;FN1,P52292;Q14974,"R-HSA-9705959;R-HSA-9706977;R-HSA-9685189;R-HSA-9685195"
R-HSA-9768919,"NPAS4 regulates expression of target genes",0,41,1,454,0.002552926525529265,0.7384603134754015,0.7384603134754015,1,35,0.0022502250225022503,9606,Homo sapiens,"","",VIM,P55040,"R-HSA-9769014"
R-HSA-9764260,"Regulation of Expression and Function of Type II Classical Cadherins",0,39,1,459,0.0024283935242839353,0.7391838723079921,0.7391838723079921,1,33,0.0021216407355021216,9606,Homo sapiens,"","",GAPDH,P35222,"R-HSA-9762282"
R-HSA-194138,"Signaling by VEGF",2,140,5,885,0.008717310087173101,0.7405614863155388,0.7405614863155388,4,86,0.005529124341005529,9606,Homo sapiens,"ACTG1","P63261;P60709",VIM;FN1;FTH1;GAPDH;FN1,P06241;P49023;P31749;P04792,"R-HSA-5218824;R-HSA-5218838;R-HSA-202137;R-HSA-5218916"
R-HSA-199977,"ER to Golgi Anterograde Transport",0,165,1,352,0.010273972602739725,0.7406250793989353,0.7406250793989353,2,39,0.0025073935965025072,9606,Homo sapiens,"","",CD74,O15155,"R-HSA-6809015;R-HSA-5694425"
R-HSA-9009391,"Extra-nuclear estrogen signaling",0,112,1,408,0.006973848069738481,0.7477142696118539,0.7477142696118539,1,39,0.0025073935965025072,9606,Homo sapiens,"","",VIM,Q99873,"R-HSA-9632182"
R-HSA-5675482,"Regulation of necroptotic cell death",0,39,1,482,0.0024283935242839353,0.7511869398784297,0.7511869398784297,1,21,0.0013501350135013501,9606,Homo sapiens,"","",FTH1,O00560,"R-HSA-9688832"
R-HSA-450408,"AUF1 (hnRNP D0) binds and destabilizes mRNA",0,43,2,475,0.0026774595267745954,0.7546125131845145,0.7546125131845145,1,4,2.5716857400025716E-4,9606,Homo sapiens,"","",PCBP2;FTH1,P11940;P04792,"R-HSA-450551"
R-HSA-2559580,"Oxidative Stress Induced Senescence",0,113,1,421,0.007036114570361146,0.7546125131845145,0.7546125131845145,1,40,0.0025716857400025716,9606,Homo sapiens,"","",GAPDH,P10599,"R-HSA-3225851"
R-HSA-5213460,"RIPK1-mediated regulated necrosis",0,45,1,482,0.002801992528019925,0.755292031725462,0.755292031725462,1,29,0.0018644721615018644,9606,Homo sapiens,"","",FTH1,O00560,"R-HSA-9688832"
R-HSA-450604,"KSRP (KHSRP) binds and destabilizes mRNA",0,20,2,496,0.0012453300124533001,0.7559696965756019,0.7559696965756019,2,5,3.2146071750032145E-4,9606,Homo sapiens,"","",VIM;VIM,P31749;P63104,"R-HSA-450499;R-HSA-450620"
R-HSA-3214858,"RMTs methylate histone arginines",0,52,1,478,0.0032378580323785804,0.7559696965756019,0.7559696965756019,1,22,0.0014144271570014145,9606,Homo sapiens,"","",VIM,Q99873,"R-HSA-5205867"
R-HSA-202131,"Metabolism of nitric oxide: NOS3 activation and regulation",0,45,2,477,0.002801992528019925,0.7579916187189109,0.7579916187189109,2,25,0.0016073035875016073,9606,Homo sapiens,"","",VIM;ARPC1B,P31749;O00401,"R-HSA-202137;R-HSA-203565"
R-HSA-8853884,"Transcriptional Regulation by VENTX",0,48,1,480,0.0029887920298879204,0.75866191847782,0.75866191847782,1,13,8.357978655008358E-4,9606,Homo sapiens,"","",GAPDH,P35222,"R-HSA-8853965"
R-HSA-428157,"Sphingolipid metabolism",0,220,2,320,0.0136986301369863,0.7639588866245628,0.7639588866245628,2,80,0.005143371480005143,9606,Homo sapiens,"","",CTSD;HMOX1,Q8NBJ7;Q16880,"R-HSA-1614336;R-HSA-6785933"
R-HSA-162599,"Late Phase of HIV Life Cycle",0,160,1,402,0.009962640099626401,0.7652651321133468,0.7652651321133468,3,78,0.0050147871930050145,9606,Homo sapiens,"","",CTSD,P04578,"R-HSA-171291;R-HSA-174494;R-HSA-174493"
R-HSA-9634815,"Transcriptional Regulation by NPAS4",0,60,1,475,0.0037359900373599006,0.7652651321133468,0.7652651321133468,1,46,0.0029574386010029576,9606,Homo sapiens,"","",VIM,P55040,"R-HSA-9769014"
R-HSA-5685942,"HDR through Homologous Recombination (HRR)",0,75,1,482,0.004669987546699875,0.7665642561759775,0.7665642561759775,2,24,0.001543011444001543,9606,Homo sapiens,"","",HLA-DRB5,O14757,"R-HSA-5685230;R-HSA-5685242"
R-HSA-9607240,"FLT3 Signaling",0,48,2,503,0.0029887920298879204,0.767211159630303,0.767211159630303,1,43,0.0027645621705027646,9606,Homo sapiens,"","",GAPDH;FN1,P06241,"R-HSA-9605259"
R-HSA-112310,"Neurotransmitter release cycle",0,100,1,442,0.0062266500622665,0.7684996731899144,0.7684996731899144,6,37,0.002378809309502379,9606,Homo sapiens,"","",HMOX1,Q16623,"R-HSA-210426;R-HSA-380574;R-HSA-372505;R-HSA-380905;R-HSA-917744;R-HSA-374922"
R-HSA-8953750,"Transcriptional Regulation by E2F6",0,46,1,514,0.00286425902864259,0.7697811605438409,0.7697811605438409,3,33,0.0021216407355021216,9606,Homo sapiens,"","",HLA-DRB5,O14757,"R-HSA-9007546;R-HSA-9007539;R-HSA-9007591"
R-HSA-8878159,"Transcriptional regulation by RUNX3",0,108,1,459,0.0067247820672478205,0.77232320737982,0.77232320737982,1,47,0.0030217307445030215,9606,Homo sapiens,"","",FN1,P29279,"R-HSA-1989766"
R-HSA-111885,"Opioid Signalling",0,115,2,434,0.007160647571606476,0.7729543864316433,0.7729543864316433,3,59,0.0037932364665037932,9606,Homo sapiens,"","",FN1;GAPDH,P52292;P17612,"R-HSA-9619127;R-HSA-112282;R-HSA-180073"
R-HSA-450385,"Butyrate Response Factor 1 (BRF1) binds and destabilizes mRNA",0,19,1,530,0.0011830635118306352,0.7760845180316003,0.7760845180316003,3,6,3.8575286100038574E-4,9606,Homo sapiens,"","",VIM,P31749;P31946,"R-HSA-450406;R-HSA-482788;R-HSA-450490"
R-HSA-3232118,"SUMOylation of transcription factors",0,20,1,537,0.0012453300124533001,0.7760845180316003,0.7760845180316003,1,11,7.072135785007072E-4,9606,Homo sapiens,"","",VIM,Q12888,"R-HSA-2997723"
R-HSA-69242,"S Phase",0,166,1,432,0.01033623910336239,0.7760845180316003,0.7760845180316003,1,55,0.003536067892503536,9606,Homo sapiens,"","",GAPDH,P49841,"R-HSA-75820"
R-HSA-9841251,"Mitochondrial unfolded protein response (UPRmt)",0,33,1,522,0.002054794520547945,0.7767054239031176,0.7767054239031176,2,21,0.0013501350135013501,9606,Homo sapiens,"","",VIM,P31749,"R-HSA-9841265;R-HSA-9841244"
R-HSA-69206,"G1/S Transition",0,140,2,455,0.008717310087173101,0.7779421518734182,0.7779421518734182,2,61,0.003921820753503922,9606,Homo sapiens,"","",GAPDH;CRIP1,P04183;P12004,"R-HSA-8961665;R-HSA-8962039"
R-HSA-168643,"Nucleotide-binding domain, leucine rich repeat containing receptor (NLR) signaling pathways",1,72,3,507,0.00448318804483188,0.778557983086536,0.778557983086536,7,46,0.0029574386010029576,9606,Homo sapiens,"HMOX1","P09601",ACTG1;VIM;GAPDH,P10599;Q9Y6K9;Q9HC29,"R-HSA-9676160;R-HSA-1250272;R-HSA-622415;R-HSA-1250264;R-HSA-1250280;R-HSA-168412;R-HSA-1250253"
R-HSA-3928664,"Ephrin signaling",0,23,1,536,0.001432129514321295,0.779172131841072,0.779172131841072,1,11,7.072135785007072E-4,9606,Homo sapiens,"","",FTH1,O00560,"R-HSA-4093329"
R-HSA-1221632,"Meiotic synapsis",0,61,1,505,0.0037982565379825655,0.7810045285636775,0.7810045285636775,1,6,3.8575286100038574E-4,9606,Homo sapiens,"","",GAPDH,O75344,"R-HSA-912505"
R-HSA-157579,"Telomere Maintenance",0,108,2,493,0.0067247820672478205,0.7846245030139863,0.7846245030139863,3,34,0.002185932879002186,9606,Homo sapiens,"","",FTH1;HMOX1,Q9UER7;Q9NUX5,"R-HSA-181450;R-HSA-176700;R-HSA-9007926"
R-HSA-68882,"Mitotic Anaphase",0,236,1,368,0.014694894146948941,0.7846245030139863,0.7846245030139863,1,32,0.0020573485920020573,9606,Homo sapiens,"","",CD74,Q14974,"R-HSA-9624798"
R-HSA-5693571,"Nonhomologous End-Joining (NHEJ)",0,56,1,525,0.0034869240348692405,0.7852220742012523,0.7852220742012523,1,13,8.357978655008358E-4,9606,Homo sapiens,"","",VIM,Q12888,"R-HSA-5693599"
R-HSA-5693565,"Recruitment and ATM-mediated phosphorylation of repair and signaling proteins at DNA double strand breaks",0,67,1,523,0.004171855541718556,0.7905272408594487,0.7905272408594487,1,39,0.0025073935965025072,9606,Homo sapiens,"","",VIM,Q12888,"R-HSA-5693566"
R-HSA-3858494,"Beta-catenin independent WNT signaling",0,153,1,437,0.009526774595267747,0.7922667790211139,0.7922667790211139,1,51,0.003278899318503279,9606,Homo sapiens,"","",HLA-A,P34925,"R-HSA-4551555"
R-HSA-5250913,"Positive epigenetic regulation of rRNA expression",1,79,2,517,0.0049190535491905356,0.793418557410632,0.793418557410632,1,7,4.5004500450045E-4,9606,Homo sapiens,"ACTG1","P60709",ACTG1;GAPDH,P49841;P60709,"R-HSA-5250947"
R-HSA-2173795,"Downregulation of SMAD2/3:SMAD4 transcriptional activity",0,38,1,556,0.0023661270236612704,0.7968362802810454,0.7968362802810454,1,27,0.001735887874501736,9606,Homo sapiens,"","",HLA-A,Q13573,"R-HSA-5252001"
R-HSA-73886,"Chromosome Maintenance",0,135,2,493,0.008405977584059776,0.7979630960291968,0.7979630960291968,3,38,0.002443101453002443,9606,Homo sapiens,"","",FTH1;HMOX1,Q9UER7;Q9NUX5,"R-HSA-181450;R-HSA-176700;R-HSA-9007926"
R-HSA-9609646,"HCMV Infection",0,270,1,324,0.016811955168119553,0.7979630960291968,0.7979630960291968,1,31,0.001993056448501993,9606,Homo sapiens,"","",PLD3,P19838,"R-HSA-9621073"
R-HSA-72202,"Transport of Mature Transcript to Cytoplasm",0,90,1,536,0.00560398505603985,0.799641785754575,0.799641785754575,1,13,8.357978655008358E-4,9606,Homo sapiens,"","",PCBP2,P84103,"R-HSA-75096"
R-HSA-9006931,"Signaling by Nuclear Receptors",4,383,4,1693,0.023848069738480696,0.8006306165532937,0.8006306165532937,10,195,0.012536967982512536,9606,Homo sapiens,"APOE;CTSD","ENSG00000130203;P07339;P02649;ENSG00000117984",CCL5;VIM;FN1;APOE,P52292;P02649;P02655;P48061;Q99873,"R-HSA-9031512;R-HSA-9632182;R-HSA-9023840;R-HSA-9031522;R-HSA-9023861;R-HSA-9023845;R-HSA-9012196;R-HSA-9031527;R-HSA-9023846;R-HSA-8954199"
R-HSA-975138,"TRAF6 mediated induction of NFkB and MAP kinases upon TLR7/8 or 9 activation",0,120,3,512,0.007471980074719801,0.8007532712308498,0.8007532712308498,4,60,0.0038575286100038576,9606,Homo sapiens,"","",ACTG1;PLD3;APOE,Q9BQ95;Q9Y6K9;P19838,"R-HSA-5609665;R-HSA-451634;R-HSA-9757954;R-HSA-166869"
R-HSA-162587,"HIV Life Cycle",0,175,1,453,0.010896637608966376,0.8013067340100258,0.8013067340100258,3,117,0.0075221807895075226,9606,Homo sapiens,"","",CTSD,P04578,"R-HSA-171291;R-HSA-174494;R-HSA-174493"
R-HSA-168928,"DDX58/IFIH1-mediated induction of interferon-alpha/beta",1,105,1,517,0.006537982565379826,0.804051411694933,0.804051411694933,3,53,0.0034074836055034076,9606,Homo sapiens,"PCBP2","Q15366",GAPDH,Q9UHD2,"R-HSA-990526;R-HSA-9709831;R-HSA-990528"
R-HSA-975871,"MyD88 cascade initiated on plasma membrane",0,109,3,536,0.006787048567870485,0.8051387949424542,0.8051387949424542,4,70,0.004500450045004501,9606,Homo sapiens,"","",ACTG1;PLD3;APOE,Q9BQ95;Q9Y6K9;P19838,"R-HSA-5609665;R-HSA-451634;R-HSA-9757954;R-HSA-166869"
R-HSA-216083,"Integrin cell surface interactions",1,86,2,528,0.005354919053549191,0.8062202335130251,0.8062202335130251,4,55,0.003536067892503536,9606,Homo sapiens,"FN1","P02751",CD74;FN1,P07996;P02751;P16070,"R-HSA-216050;R-HSA-349603;R-HSA-2752115;R-HSA-349593"
R-HSA-168142,"Toll Like Receptor 10 (TLR10) Cascade",0,109,3,540,0.006787048567870485,0.8067587335540735,0.8067587335540735,4,71,0.0045647421885045645,9606,Homo sapiens,"","",ACTG1;PLD3;APOE,Q9BQ95;Q9Y6K9;P19838,"R-HSA-5609665;R-HSA-451634;R-HSA-9757954;R-HSA-166869"
R-HSA-168176,"Toll Like Receptor 5 (TLR5) Cascade",0,109,3,546,0.006787048567870485,0.8104871786759262,0.8104871786759262,4,71,0.0045647421885045645,9606,Homo sapiens,"","",ACTG1;PLD3;APOE,Q9BQ95;Q9Y6K9;P19838,"R-HSA-5609665;R-HSA-451634;R-HSA-9757954;R-HSA-166869"
R-HSA-5218859,"Regulated Necrosis",0,76,1,551,0.004732254047322541,0.8110139959874558,0.8110139959874558,1,52,0.0033431914620033433,9606,Homo sapiens,"","",FTH1,O00560,"R-HSA-9688832"
R-HSA-9755511,"KEAP1-NFE2L2 pathway",2,169,5,995,0.010523038605230387,0.8133644862972298,0.8133644862972298,8,117,0.0075221807895075226,9606,Homo sapiens,"HMOX1","ENSG00000100292;P09601",APOE;CCL5;IL32;IL32;GAPDH,P10599;P13500;P18848;P49841;Q05655,"R-HSA-9796070;R-HSA-9761815;R-HSA-8932284;R-HSA-9759137;R-HSA-9796045;R-HSA-9796061;R-HSA-9762094;R-HSA-9759176"
R-HSA-975155,"MyD88 dependent cascade initiated on endosome",0,121,3,545,0.007534246575342466,0.8156908961574587,0.8156908961574587,4,75,0.004821910762504822,9606,Homo sapiens,"","",ACTG1;PLD3;APOE,Q9BQ95;Q9Y6K9;P19838,"R-HSA-5609665;R-HSA-451634;R-HSA-9757954;R-HSA-166869"
R-HSA-512988,"Interleukin-3, Interleukin-5 and GM-CSF signaling",0,50,3,595,0.00311332503113325,0.8187452948969519,0.8187452948969519,2,38,0.002443101453002443,9606,Homo sapiens,"","",VIM;VIM;GAPDH,P17612;P63104,"R-HSA-913451;R-HSA-912757"
R-HSA-9851695,"Epigenetic regulation of adipogenesis genes by MLL3 and MLL4 complexes",0,140,3,494,0.008717310087173101,0.8192494905874768,0.8192494905874768,4,38,0.002443101453002443,9606,Homo sapiens,"","",VIM;IL32;HMOX1,Q9NYP7;P49715;P15090,"R-HSA-9856486;R-HSA-9854142;R-HSA-9842815;R-HSA-9843900"
R-HSA-9841922,"MLL4 and MLL3 complexes regulate expression of PPARG target genes in adipogenesis and hepatic steatosis",0,140,3,494,0.008717310087173101,0.8192494905874768,0.8192494905874768,4,38,0.002443101453002443,9606,Homo sapiens,"","",VIM;IL32;HMOX1,Q9NYP7;P49715;P15090,"R-HSA-9856486;R-HSA-9854142;R-HSA-9842815;R-HSA-9843900"
R-HSA-438064,"Post NMDA receptor activation events",0,96,3,538,0.005977584059775841,0.8192494905874768,0.8192494905874768,4,39,0.0025073935965025072,9606,Homo sapiens,"","",ACTG1;FN1;GAPDH,P52292;P10636-8,"R-HSA-9619542;R-HSA-9619127;R-HSA-9619515;R-HSA-112282"
R-HSA-168181,"Toll Like Receptor 7/8 (TLR7/8) Cascade",0,125,3,550,0.007783312577833126,0.8192494905874768,0.8192494905874768,4,85,0.0054648321975054644,9606,Homo sapiens,"","",ACTG1;PLD3;APOE,Q9BQ95;Q9Y6K9;P19838,"R-HSA-5609665;R-HSA-451634;R-HSA-9757954;R-HSA-166869"
R-HSA-948021,"Transport to the Golgi and subsequent modification",0,221,1,434,0.013760896637608966,0.8202537407655931,0.8202537407655931,2,60,0.0038575286100038576,9606,Homo sapiens,"","",CD74,O15155,"R-HSA-6809015;R-HSA-5694425"
R-HSA-9709957,"Sensory Perception",3,1258,3,363,0.07833125778331258,0.8210392494136767,0.8210392494136767,11,138,0.008872315803008872,9606,Homo sapiens,"APOE;ACTG1","P63261;P60709;P02649",CD74;FTH1;APOE,P02649;Q5QGT7;P02753;P01130,"R-HSA-9663363;R-HSA-2404135;R-HSA-9752977;R-HSA-9659380;R-HSA-2404131;R-HSA-2404140;R-HSA-2424254;R-HSA-2395768;R-HSA-2395784;R-HSA-2423785;R-HSA-2429643"
R-HSA-373760,"L1CAM interactions",2,130,3,1042,0.00809464508094645,0.8223224307770708,0.8223224307770708,7,54,0.003471775749003472,9606,Homo sapiens,"ACTG1","P63261;P60709",SH3BGRL3;FTH1;GAPDH,P00533;O00560,"R-HSA-443779;R-HSA-445089;R-HSA-392751;R-HSA-445069;R-HSA-373736;R-HSA-373739;R-HSA-373738"
R-HSA-109582,"Hemostasis",6,805,6,2301,0.05012453300124533,0.8231756882133319,0.8231756882133319,27,342,0.021987913077021987,9606,Homo sapiens,"CFD;CD74;FN1;TAGLN2;CD99;ACTG1","P60709;P14209;P00746;P37802;P04233;P02751",VIM;FN1;HLA-A;GAPDH;APOE;FN1,P06241;Q9HAQ2;P07225;P11021;P05154;Q9UIJ7,"R-HSA-429441;R-HSA-984775;R-HSA-354124;R-HSA-372693;R-HSA-482772;R-HSA-5604929;R-HSA-354066;R-HSA-354073;R-HSA-372697;R-HSA-351323;R-HSA-8867097;R-HSA-354149;R-HSA-202723;R-HSA-429415;R-HSA-432295;R-HSA-354087;R-HSA-372705;R-HSA-481007;R-HSA-377644;R-HSA-377641;R-HSA-377640;R-HSA-377643;R-HSA-354165;R-HSA-5676133;R-HSA-994169;R-HSA-1008248;R-HSA-5591086"
R-HSA-69620,"Cell Cycle Checkpoints",0,271,1,431,0.016874221668742216,0.8232336289118369,0.8232336289118369,5,56,0.0036003600360036,9606,Homo sapiens,"","",HLA-DRB5,O14757,"R-HSA-75010;R-HSA-69604;R-HSA-75028;R-HSA-176116;R-HSA-6799246"
R-HSA-168138,"Toll Like Receptor 9 (TLR9) Cascade",0,128,3,555,0.00797011207970112,0.8232336289118369,0.8232336289118369,4,86,0.005529124341005529,9606,Homo sapiens,"","",ACTG1;PLD3;APOE,Q9BQ95;Q9Y6K9;P19838,"R-HSA-5609665;R-HSA-451634;R-HSA-9757954;R-HSA-166869"
R-HSA-9818564,"Epigenetic regulation of gene expression by MLL3 and MLL4 complexes",0,140,3,520,0.008717310087173101,0.8271312302856859,0.8271312302856859,4,41,0.002635977883502636,9606,Homo sapiens,"","",VIM;IL32;HMOX1,Q9NYP7;P49715;P15090,"R-HSA-9856486;R-HSA-9854142;R-HSA-9842815;R-HSA-9843900"
R-HSA-166058,"MyD88:MAL(TIRAP) cascade initiated on plasma membrane",0,133,3,569,0.008281444582814447,0.8314148972491995,0.8314148972491995,4,76,0.004886202906004886,9606,Homo sapiens,"","",ACTG1;PLD3;APOE,Q9BQ95;Q9Y6K9;P19838,"R-HSA-5609665;R-HSA-451634;R-HSA-9757954;R-HSA-166869"
R-HSA-177929,"Signaling by EGFR",0,64,2,615,0.00398505603985056,0.8328194155646482,0.8328194155646482,3,50,0.0032146071750032146,9606,Homo sapiens,"","",SH3BGRL3;GAPDH,P00533,"R-HSA-9674531;R-HSA-177942;R-HSA-9851407"
R-HSA-6806003,"Regulation of TP53 Expression and Degradation",0,46,1,617,0.00286425902864259,0.8332850219124296,0.8332850219124296,2,35,0.0022502250225022503,9606,Homo sapiens,"","",FTH1,Q9UER7,"R-HSA-3222072;R-HSA-3215295"
R-HSA-168179,"Toll Like Receptor TLR1:TLR2 Cascade",0,136,3,570,0.008468244084682441,0.8332850219124296,0.8332850219124296,4,78,0.0050147871930050145,9606,Homo sapiens,"","",ACTG1;PLD3;APOE,Q9BQ95;Q9Y6K9;P19838,"R-HSA-5609665;R-HSA-451634;R-HSA-9757954;R-HSA-166869"
R-HSA-168188,"Toll Like Receptor TLR6:TLR2 Cascade",0,133,3,575,0.008281444582814447,0.8342124057519318,0.8342124057519318,4,78,0.0050147871930050145,9606,Homo sapiens,"","",ACTG1;PLD3;APOE,Q9BQ95;Q9Y6K9;P19838,"R-HSA-5609665;R-HSA-451634;R-HSA-9757954;R-HSA-166869"
R-HSA-181438,"Toll Like Receptor 2 (TLR2) Cascade",0,136,3,575,0.008468244084682441,0.8355939610105663,0.8355939610105663,4,80,0.005143371480005143,9606,Homo sapiens,"","",ACTG1;PLD3;APOE,Q9BQ95;Q9Y6K9;P19838,"R-HSA-5609665;R-HSA-451634;R-HSA-9757954;R-HSA-166869"
R-HSA-2555396,"Mitotic Metaphase and Anaphase",0,237,1,476,0.014757160647571606,0.8355939610105663,0.8355939610105663,1,33,0.0021216407355021216,9606,Homo sapiens,"","",CD74,Q14974,"R-HSA-9624798"
R-HSA-5693606,"DNA Double Strand Break Response",0,75,2,617,0.004669987546699875,0.8405633177073261,0.8405633177073261,3,48,0.003086022888003086,9606,Homo sapiens,"","",VIM;FN1,P52292;Q12888,"R-HSA-5684006;R-HSA-5693566;R-HSA-5684008"
R-HSA-5621481,"C-type lectin receptors (CLRs)",0,190,4,531,0.011830635118306352,0.8423334237432367,0.8423334237432367,3,68,0.004371865758004372,9606,Homo sapiens,"","",CCL5;IL32;IL32;APOE,Q8TBC4;Q04206;Q05655,"R-HSA-5660980;R-HSA-5607734;R-HSA-5607725"
R-HSA-5654738,"Signaling by FGFR2",0,88,1,613,0.005479452054794521,0.8466744355737797,0.8466744355737797,1,46,0.0029574386010029576,9606,Homo sapiens,"","",VIM,Q6NXG1,"R-HSA-6803527"
R-HSA-381340,"Transcriptional regulation of white adipocyte differentiation",0,107,2,602,0.006662515566625156,0.8475284017562832,0.8475284017562832,7,19,0.0012215507265012214,9606,Homo sapiens,"","",VIM;IL32,P15090;P49715,"R-HSA-1183058;R-HSA-560491;R-HSA-560510;R-HSA-381283;R-HSA-381309;R-HSA-1183003;R-HSA-1183032"
R-HSA-1989781,"PPARA activates gene expression",0,173,1,525,0.010772104607721046,0.8475284017562832,0.8475284017562832,1,41,0.002635977883502636,9606,Homo sapiens,"","",CD74,P37268,"R-HSA-1655850"
R-HSA-5358351,"Signaling by Hedgehog",0,155,1,553,0.009651307596513076,0.8488005733107472,0.8488005733107472,2,82,0.005271955767005272,9606,Homo sapiens,"","",GAPDH,P49841,"R-HSA-5610732;R-HSA-5610730"
R-HSA-1912408,"Pre-NOTCH Transcription and Translation",0,100,1,596,0.0062266500622665,0.8496428727472064,0.8496428727472064,1,37,0.002378809309502379,9606,Homo sapiens,"","",VIM,Q8N6T7,"R-HSA-9604834"
R-HSA-5617833,"Cilium Assembly",0,209,1,551,0.013013698630136987,0.8504805495642725,0.8504805495642725,1,50,0.0032146071750032146,9606,Homo sapiens,"","",HMOX1,Q3SXY8,"R-HSA-5624953"
R-HSA-9018519,"Estrogen-dependent gene expression",2,153,3,1113,0.009526774595267747,0.8505976294881306,0.8505976294881306,6,66,0.004243281471004243,9606,Homo sapiens,"CTSD","P07339;ENSG00000117984",CCL5;VIM;FN1,P52292;P48061;Q99873,"R-HSA-9023840;R-HSA-9023861;R-HSA-9023845;R-HSA-9012196;R-HSA-9023846;R-HSA-8954199"
R-HSA-425366,"Transport of bile salts and organic acids, metal ions and amine compounds",0,165,2,549,0.010273972602739725,0.8541935571797572,0.8541935571797572,2,69,0.004436157901504436,9606,Homo sapiens,"","",HLA-A;HLA-B,Q9ULF5;Q6ZMH5,"R-HSA-442405;R-HSA-442345"
R-HSA-5633008,"TP53 Regulates Transcription of Cell Death Genes",0,83,1,644,0.005168119551681195,0.8574176602361091,0.8574176602361091,2,68,0.004371865758004372,9606,Homo sapiens,"","",GAPDH,Q92696,"R-HSA-6801089;R-HSA-6801101"
R-HSA-190236,"Signaling by FGFR",0,109,1,625,0.006787048567870485,0.8590032725492397,0.8590032725492397,1,142,0.009129484377009129,9606,Homo sapiens,"","",VIM,Q6NXG1,"R-HSA-6803527"
R-HSA-400206,"Regulation of lipid metabolism by PPARalpha",0,175,1,568,0.010896637608966376,0.8625076664328467,0.8625076664328467,1,45,0.0028931464575028933,9606,Homo sapiens,"","",CD74,P37268,"R-HSA-1655850"
R-HSA-8866910,"TFAP2 (AP-2) family regulates transcription of growth factors and their receptors",0,21,2,718,0.001307596513075965,0.8663008611255542,0.8663008611255542,2,18,0.0011572585830011573,9606,Homo sapiens,"","",SH3BGRL3;GAPDH,P04626;P00533,"R-HSA-8864466;R-HSA-8874797"
R-HSA-9820952,"Respiratory Syncytial Virus Infection Pathway",0,154,2,600,0.009589041095890411,0.8663008611255542,0.8663008611255542,2,101,0.006493506493506494,9606,Homo sapiens,"","",CD74;VIM,Q14457;Q14974,"R-HSA-9831702;R-HSA-9837231"
R-HSA-376176,"Signaling by ROBO receptors",1,222,1,536,0.013823163138231632,0.8666744623462608,0.8666744623462608,2,60,0.0038575286100038576,9606,Homo sapiens,"RPL41","P62945",PCBP2,P11940,"R-HSA-9014652;R-HSA-9014610"
R-HSA-9860931,"Response of endothelial cells to shear stress",1,115,3,647,0.007160647571606476,0.8681586107629738,0.8681586107629738,11,51,0.003278899318503279,9606,Homo sapiens,"FN1","P02751",VIM;GAPDH;FN1,P31749;P06241,"R-HSA-9865238;R-HSA-9865748;R-HSA-9860500;R-HSA-9865520;R-HSA-9865184;R-HSA-9860833;R-HSA-9865182;R-HSA-9865228;R-HSA-9861484;R-HSA-9865501;R-HSA-9865226"
R-HSA-2980736,"Peptide hormone metabolism",1,131,1,630,0.008156911581569115,0.8703543684530505,0.8703543684530505,3,67,0.004307573614504308,9606,Homo sapiens,"CTSD","P07339",GAPDH,O00471,"R-HSA-2022412;R-HSA-2022403;R-HSA-265177"
R-HSA-9764274,"Regulation of Expression and Function of Type I Classical Cadherins",2,192,1,1151,0.011955168119551681,0.8705382609521921,0.8705382609521921,4,92,0.005914877202005915,9606,Homo sapiens,"ACTG1","P63261;P60709",RPL41,P63244,"R-HSA-9934294;R-HSA-9934486;R-HSA-9934751;R-HSA-9934410"
R-HSA-9764265,"Regulation of CDH1 Expression and Function",2,192,1,1151,0.011955168119551681,0.8705382609521921,0.8705382609521921,4,92,0.005914877202005915,9606,Homo sapiens,"ACTG1","P63261;P60709",RPL41,P63244,"R-HSA-9934294;R-HSA-9934486;R-HSA-9934751;R-HSA-9934410"
R-HSA-9855142,"Cellular responses to mechanical stimuli",1,126,3,647,0.00784557907845579,0.8721566168722324,0.8721566168722324,14,61,0.003921820753503922,9606,Homo sapiens,"FN1","P02751",VIM;GAPDH;FN1,P31749;P06241,"R-HSA-9865238;R-HSA-9865748;R-HSA-9860500;R-HSA-9865520;R-HSA-9865182;R-HSA-9865501;R-HSA-9857661;R-HSA-9906597;R-HSA-9865184;R-HSA-9860833;R-HSA-9865228;R-HSA-9861484;R-HSA-9865226;R-HSA-9857673"
R-HSA-6791312,"TP53 Regulates Transcription of Cell Cycle Genes",0,65,1,711,0.004047322540473225,0.8739341804253211,0.8739341804253211,1,42,0.0027002700270027003,9606,Homo sapiens,"","",VIM,Q99873,"R-HSA-3215152"
R-HSA-983231,"Factors involved in megakaryocyte development and platelet production",1,194,3,593,0.012079701120797011,0.876727767217529,0.876727767217529,3,43,0.0027645621705027646,9606,Homo sapiens,"ACTG1","P60709",VIM;GAPDH;APOE,Q9HAQ2;Q9UIJ7,"R-HSA-994169;R-HSA-1008248;R-HSA-984775"
R-HSA-446652,"Interleukin-1 family signaling",0,170,3,662,0.010585305105853052,0.8784426977586929,0.8784426977586929,4,92,0.005914877202005915,9606,Homo sapiens,"","",ACTG1;PLD3;GAPDH,Q9Y6K9;P19838;Q9UHD2,"R-HSA-5609665;R-HSA-451634;R-HSA-9008684;R-HSA-9757954"
R-HSA-195253,"Degradation of beta-catenin by the destruction complex",0,78,1,709,0.004856787048567871,0.87912207029755,0.87912207029755,2,23,0.0014787193005014788,9606,Homo sapiens,"","",GAPDH,P49841;P35222,"R-HSA-195251;R-HSA-195304"
R-HSA-416476,"G alpha (q) signalling events",0,284,3,508,0.01768368617683686,0.8821332487915237,0.8821332487915237,3,35,0.0022502250225022503,9606,Homo sapiens,"","",SH3BGRL3;APOE;GAPDH,P08254;P00533,"R-HSA-2179413;R-HSA-2179387;R-HSA-2179402"
R-HSA-5687128,"MAPK6/MAPK4 signaling",0,93,1,704,0.005790784557907846,0.8821332487915237,0.8821332487915237,1,40,0.0025716857400025716,9606,Homo sapiens,"","",FTH1,P04792,"R-HSA-5687121"
R-HSA-8950505,"Gene and protein expression by JAK-STAT signaling after Interleukin-12 stimulation",0,73,3,713,0.004545454545454545,0.8827922975462037,0.8827922975462037,3,36,0.0023145171660023146,9606,Homo sapiens,"","",ACTG1;GAPDH;APOE,P00441;Q53EL6;P23528,"R-HSA-8950721;R-HSA-8950771;R-HSA-8950581"
R-HSA-71387,"Metabolism of carbohydrates and carbohydrate derivatives",1,478,0,328,0.029763387297633875,0.8844240796841042,0.8844240796841042,2,244,0.015687283014015688,9606,Homo sapiens,"GAPDH","",,,"R-HSA-70449;R-HSA-70482"
R-HSA-9843745,"Adipogenesis",0,147,2,681,0.009153175591531755,0.8885627119424837,0.8885627119424837,7,33,0.0021216407355021216,9606,Homo sapiens,"","",VIM;IL32,P15090;P49715,"R-HSA-1183058;R-HSA-560491;R-HSA-560510;R-HSA-381283;R-HSA-381309;R-HSA-1183003;R-HSA-1183032"
R-HSA-453279,"Mitotic G1 phase and G1/S transition",0,164,2,701,0.01021170610211706,0.8904232734994963,0.8904232734994963,2,101,0.006493506493506494,9606,Homo sapiens,"","",GAPDH;CRIP1,P04183;P12004,"R-HSA-8961665;R-HSA-8962039"
R-HSA-3769402,"Deactivation of the beta-catenin transactivating complex",0,44,3,778,0.0027397260273972603,0.8907303778190927,0.8907303778190927,5,14,9.000900090009E-4,9606,Homo sapiens,"","",VIM;VIM;GAPDH,P35222;P63104,"R-HSA-5368580;R-HSA-3772430;R-HSA-3769393;R-HSA-3769383;R-HSA-5626938"
R-HSA-1912422,"Pre-NOTCH Expression and Processing",0,125,1,685,0.007783312577833126,0.8907303778190927,0.8907303778190927,1,47,0.0030217307445030215,9606,Homo sapiens,"","",VIM,Q8N6T7,"R-HSA-9604834"
R-HSA-196854,"Metabolism of vitamins and cofactors",1,384,2,446,0.023910336239103363,0.8925552784727517,0.8925552784727517,8,213,0.013694226565513693,9606,Homo sapiens,"APOE","P02649",FTH1;APOE,P02649;P02753;P01130,"R-HSA-2404135;R-HSA-2404131;R-HSA-2404140;R-HSA-2424254;R-HSA-2395768;R-HSA-2395784;R-HSA-2423785;R-HSA-2429643"
R-HSA-1500620,"Meiosis",0,93,2,751,0.005790784557907846,0.8940530686130601,0.8940530686130601,2,16,0.0010286742960010286,9606,Homo sapiens,"","",ACTG1;GAPDH,P40692;O75344,"R-HSA-912429;R-HSA-912505"
R-HSA-375276,"Peptide ligand-binding receptors",1,205,5,657,0.012764632627646327,0.8987091193763822,0.8987091193763822,11,85,0.0054648321975054644,9606,Homo sapiens,"CCL5","P13501",CD74;CCL5;CD74;HMOX1;HLA-DQA1,P78556;Q99616;P48061;O15467;O15444;Q9P296;P13501;O43612;P25025,"R-HSA-373813;R-HSA-373061;R-HSA-374214;R-HSA-443986;R-HSA-373073;R-HSA-964811;R-HSA-373074;R-HSA-389487;R-HSA-8862733;R-HSA-373087;R-HSA-389481"
R-HSA-165159,"MTOR signalling",0,50,1,812,0.00311332503113325,0.8989933343250324,0.8989933343250324,3,29,0.0018644721615018644,9606,Homo sapiens,"","",VIM,Q6IAA8;P31749;P31946,"R-HSA-5653936;R-HSA-377186;R-HSA-5672824"
R-HSA-432720,"Lysosome Vesicle Biogenesis",0,43,1,797,0.0026774595267745954,0.8995594095104267,0.8995594095104267,1,8,5.143371480005143E-4,9606,Homo sapiens,"","",GAPDH,P05067,"R-HSA-5229132"
R-HSA-9694635,"Translation of Structural Proteins",0,85,4,780,0.005292652552926526,0.9009609610628314,0.9009609610628314,16,46,0.0029574386010029576,9606,Homo sapiens,"","",VIM;HLA-A;GAPDH;HMOX1,P0DTC3;P0DTC2;Q99873;P49841,"R-HSA-9766608;R-HSA-9694392;R-HSA-9694718;R-HSA-9694780;R-HSA-9694364;R-HSA-9694467;R-HSA-9694337;R-HSA-9696807;R-HSA-9694662;R-HSA-9694438;R-HSA-9694341;R-HSA-9729283;R-HSA-9694794;R-HSA-9694793;R-HSA-9694447;R-HSA-9687724"
R-HSA-168255,"Influenza Infection",1,198,1,677,0.012328767123287671,0.9034353704122157,0.9034353704122157,4,59,0.0037932364665037932,9606,Homo sapiens,"RPL41","P62945",CD74,Q14974,"R-HSA-192704;R-HSA-168310;R-HSA-192841;R-HSA-168317"
R-HSA-9637690,"Response of Mtb to phagocytosis",0,51,1,808,0.0031755915317559155,0.9042465617838568,0.9042465617838568,2,30,0.0019287643050019288,9606,Homo sapiens,"","",GAPDH,P00558;P35228,"R-HSA-9636658;R-HSA-9636261"
R-HSA-168164,"Toll Like Receptor 3 (TLR3) Cascade",0,117,3,796,0.0072851805728518055,0.9045154642961882,0.9045154642961882,4,79,0.005079079336505079,9606,Homo sapiens,"","",ACTG1;PLD3;GAPDH,Q9Y6K9;P19838;Q9UHD2,"R-HSA-9828196;R-HSA-5609665;R-HSA-451634;R-HSA-9757954"
R-HSA-5619507,"Activation of HOX genes during differentiation",0,116,1,755,0.007222914072229141,0.9061133279303492,0.9061133279303492,1,43,0.0027645621705027646,9606,Homo sapiens,"","",HLA-A,P09017,"R-HSA-5617855"
R-HSA-5617472,"Activation of anterior HOX genes in hindbrain development during early embryogenesis",0,116,1,755,0.007222914072229141,0.9061133279303492,0.9061133279303492,1,43,0.0027645621705027646,9606,Homo sapiens,"","",HLA-A,P09017,"R-HSA-5617855"
R-HSA-9614085,"FOXO-mediated transcription",0,110,1,785,0.00684931506849315,0.9097399561772629,0.9097399561772629,1,85,0.0054648321975054644,9606,Homo sapiens,"","",GAPDH,P10599,"R-HSA-9617735"
R-HSA-5693567,"HDR through Homologous Recombination (HRR) or Single Strand Annealing (SSA)",0,126,2,806,0.00784557907845579,0.9129837923822162,0.9129837923822162,6,47,0.0030217307445030215,9606,Homo sapiens,"","",VIM;HLA-DRB5,Q8N6T7;Q12888;O14757,"R-HSA-5684887;R-HSA-5684071;R-HSA-5684882;R-HSA-5685953;R-HSA-5685230;R-HSA-5685242"
R-HSA-8878166,"Transcriptional regulation by RUNX2",0,133,2,781,0.008281444582814447,0.9139585906281146,0.9139585906281146,4,81,0.005207663623505208,9606,Homo sapiens,"","",FN1;GAPDH,P08648;P02452;P17931;P49841,"R-HSA-8985644;R-HSA-9008476;R-HSA-8938382;R-HSA-8939667"
R-HSA-8864260,"Transcriptional regulation by the AP-2 (TFAP2) family of transcription factors",2,52,3,1440,0.0032378580323785804,0.9142237964253198,0.9142237964253198,4,44,0.002828854314002829,9606,Homo sapiens,"APOE","ENSG00000130203;P02649",SH3BGRL3;APOE;GAPDH,P02649;P04626;P00533,"R-HSA-8869575;R-HSA-8869590;R-HSA-8864466;R-HSA-8874797"
R-HSA-9006927,"Signaling by Non-Receptor Tyrosine Kinases",0,71,3,843,0.004420921544209215,0.9149226298928123,0.9149226298928123,5,53,0.0034074836055034076,9606,Homo sapiens,"","",ACTG1;VIM;FN1,P49023;Q5S007;P31749,"R-HSA-8848596;R-HSA-8848611;R-HSA-8848751;R-HSA-8848606;R-HSA-8857565"
R-HSA-8848021,"Signaling by PTK6",0,71,3,843,0.004420921544209215,0.9149226298928123,0.9149226298928123,5,53,0.0034074836055034076,9606,Homo sapiens,"","",ACTG1;VIM;FN1,P49023;Q5S007;P31749,"R-HSA-8848596;R-HSA-8848611;R-HSA-8848751;R-HSA-8848606;R-HSA-8857565"
R-HSA-5693538,"Homology Directed Repair",0,132,2,813,0.00821917808219178,0.9151619723530626,0.9151619723530626,6,55,0.003536067892503536,9606,Homo sapiens,"","",VIM;HLA-DRB5,Q8N6T7;Q12888;O14757,"R-HSA-5684887;R-HSA-5684071;R-HSA-5684882;R-HSA-5685953;R-HSA-5685230;R-HSA-5685242"
R-HSA-3899300,"SUMOylation of transcription cofactors",0,44,1,873,0.0027397260273972603,0.9151619723530626,0.9151619723530626,1,27,0.001735887874501736,9606,Homo sapiens,"","",FTH1,Q9UER7,"R-HSA-4085992"
R-HSA-977225,"Amyloid fiber formation",1,89,2,834,0.0055417185554171855,0.9154006515090041,0.9154006515090041,10,33,0.0021216407355021216,9606,Homo sapiens,"APOE","P02649",APOE;GAPDH,P02649;P37840;P05067,"R-HSA-976734;R-HSA-8871494;R-HSA-9010091;R-HSA-5660757;R-HSA-5661157;R-HSA-5658496;R-HSA-5692495;R-HSA-9010096;R-HSA-9010034;R-HSA-5661161"
R-HSA-9856649,"Transcriptional and post-translational regulation of MITF-M expression and activity",0,79,1,832,0.0049190535491905356,0.9154006515090041,0.9154006515090041,3,37,0.002378809309502379,9606,Homo sapiens,"","",GAPDH,P49841;P35222,"R-HSA-9824999;R-HSA-9824598;R-HSA-9824995"
R-HSA-422475,"Axon guidance",4,566,7,2073,0.0352428393524284,0.9154658225306764,0.9154658225306764,19,295,0.018966182332518965,9606,Homo sapiens,"RPL41;ARPC1B;ACTG1","P63261;P60709;O15143;P62945",ACTG1;SH3BGRL3;FTH1;PCBP2;ARPC1B;GAPDH;FN1,P23528;P00533;P11940;P06241;O00560;O00401;P49841,"R-HSA-8855237;R-HSA-3928600;R-HSA-443779;R-HSA-445089;R-HSA-3928595;R-HSA-399950;R-HSA-399951;R-HSA-392751;R-HSA-445069;R-HSA-373736;R-HSA-373739;R-HSA-4093329;R-HSA-373738;R-HSA-9014652;R-HSA-3928654;R-HSA-9014610;R-HSA-3928608;R-HSA-418874;R-HSA-391867"
R-HSA-442755,"Activation of NMDA receptors and postsynaptic events",0,113,4,802,0.007036114570361146,0.9161127272314554,0.9161127272314554,5,71,0.0045647421885045645,9606,Homo sapiens,"","",ACTG1;VIM;FN1;GAPDH,P52292;P07196;P10636-8,"R-HSA-9619542;R-HSA-9619127;R-HSA-9619515;R-HSA-112282;R-HSA-9610879"
R-HSA-937061,"TRIF (TICAM1)-mediated TLR4 signaling ",0,122,3,835,0.007596513075965131,0.9161127272314554,0.9161127272314554,4,76,0.004886202906004886,9606,Homo sapiens,"","",ACTG1;PLD3;GAPDH,Q9Y6K9;P19838;Q9UHD2,"R-HSA-9823910;R-HSA-5609665;R-HSA-451634;R-HSA-9757954"
R-HSA-3247509,"Chromatin modifying enzymes",1,254,1,747,0.01581569115815691,0.9161127272314554,0.9161127272314554,2,85,0.0054648321975054644,9606,Homo sapiens,"ACTG1","P60709",VIM,Q99873,"R-HSA-5205867;R-HSA-3321975"
R-HSA-166166,"MyD88-independent TLR4 cascade ",0,122,3,837,0.007596513075965131,0.9163487712263622,0.9163487712263622,4,78,0.0050147871930050145,9606,Homo sapiens,"","",ACTG1;PLD3;GAPDH,Q9Y6K9;P19838;Q9UHD2,"R-HSA-9823910;R-HSA-5609665;R-HSA-451634;R-HSA-9757954"
R-HSA-6791226,"Major pathway of rRNA processing in the nucleolus and cytosol",1,189,1,824,0.011768368617683687,0.9170529845487404,0.9170529845487404,2,7,4.5004500450045E-4,9606,Homo sapiens,"RPL41","P62945",VIM,Q13895,"R-HSA-6791223;R-HSA-6791218"
R-HSA-9020591,"Interleukin-12 signaling",0,84,3,832,0.00523038605230386,0.917286422040354,0.917286422040354,3,56,0.0036003600360036,9606,Homo sapiens,"","",ACTG1;GAPDH;APOE,P00441;Q53EL6;P23528,"R-HSA-8950721;R-HSA-8950771;R-HSA-8950581"
R-HSA-8978868,"Fatty acid metabolism",0,428,1,488,0.026650062266500622,0.9177513572384615,0.9177513572384615,2,231,0.01485148514851485,9606,Homo sapiens,"","",ACTG1,Q08426,"R-HSA-6809264;R-HSA-6809263"
R-HSA-111465,"Apoptotic cleavage of cellular proteins",1,38,5,890,0.0023661270236612704,0.9182137178136482,0.9182137178136482,6,38,0.002443101453002443,9606,Homo sapiens,"VIM","P08670",VIM;IL32;APOE;IL32;GAPDH,P08670;P10636;P35222;Q05655,"R-HSA-350319;R-HSA-202969;R-HSA-350318;R-HSA-212552;R-HSA-201629;R-HSA-201628"
R-HSA-201722,"Formation of the beta-catenin:TCF transactivating complex",0,66,1,865,0.00410958904109589,0.9186735178082929,0.9186735178082929,1,13,8.357978655008358E-4,9606,Homo sapiens,"","",GAPDH,P35222,"R-HSA-3299569"
R-HSA-418594,"G alpha (i) signalling events",1,428,2,503,0.026650062266500622,0.9216007611261043,0.9216007611261043,6,74,0.004757618619004758,9606,Homo sapiens,"CCL5","P13501",FN1;GAPDH,P52292;P17612,"R-HSA-9619127;R-HSA-749454;R-HSA-112282;R-HSA-180073;R-HSA-749456;R-HSA-380073"
R-HSA-5653656,"Vesicle-mediated transport",4,829,4,1941,0.05161892901618929,0.9226327646045414,0.9226327646045414,28,252,0.016201620162016202,9606,Homo sapiens,"FTH1;APOE;ACTG1","P63261;P60709;P02649;P02794",FN1;CD74;APOE;GAPDH,Q07954;Q9NY15;O15155;Q8WTV0-2;P05067,"R-HSA-8868230;R-HSA-5229132;R-HSA-8868236;R-HSA-5694425;R-HSA-6809015;R-HSA-8871194;R-HSA-2316349;R-HSA-8871193;R-HSA-2168897;R-HSA-2187266;R-HSA-2316352;R-HSA-2507854;R-HSA-2197770;R-HSA-8868651;R-HSA-190829;R-HSA-8868648;R-HSA-2197646;R-HSA-8868661;R-HSA-196017;R-HSA-8868660;R-HSA-2173778;R-HSA-8868659;R-HSA-190519;R-HSA-8868658;R-HSA-196026;R-HSA-8869438;R-HSA-434362;R-HSA-2299677"
R-HSA-8868773,"rRNA processing in the nucleus and cytosol",1,207,1,837,0.012889165628891657,0.9229165488739028,0.9229165488739028,2,15,9.643821525009644E-4,9606,Homo sapiens,"RPL41","P62945",VIM,Q13895,"R-HSA-6791223;R-HSA-6791218"
R-HSA-2559583,"Cellular Senescence",0,199,2,793,0.012391033623910336,0.9237816304024381,0.9237816304024381,2,90,0.005786292915005787,9606,Homo sapiens,"","",GAPDH;HMOX1,P10599;Q9NUX5,"R-HSA-3785711;R-HSA-3225851"
R-HSA-9752946,"Expression and translocation of olfactory receptors",0,813,1,119,0.05062266500622665,0.9239964021305799,0.9239964021305799,1,4,2.5716857400025716E-4,9606,Homo sapiens,"","",CD74,Q5QGT7,"R-HSA-9752977"
R-HSA-9758941,"Gastrulation",0,167,2,793,0.010398505603985055,0.9246371467127869,0.9246371467127869,9,104,0.0066863829240066865,9606,Homo sapiens,"","",CD74;GAPDH,P35222;P61073,"R-HSA-9756948;R-HSA-9756724;R-HSA-9835252;R-HSA-9835266;R-HSA-9754480;R-HSA-9834897;R-HSA-9823950;R-HSA-9754191;R-HSA-9835496"
R-HSA-72766,"Translation",1,392,1,621,0.024408468244084682,0.9248495434580053,0.9248495434580053,17,106,0.006814967211006815,9606,Homo sapiens,"RPL41","P62945",PCBP2,P11940,"R-HSA-72673;R-HSA-72672;R-HSA-1799326;R-HSA-141671;R-HSA-156907;R-HSA-156808;R-HSA-141673;R-HSA-156915;R-HSA-156912;R-HSA-156826;R-HSA-156923;R-HSA-1799330;R-HSA-141691;R-HSA-1799329;R-HSA-1799335;R-HSA-72671;R-HSA-1799332"
R-HSA-9663891,"Selective autophagy",1,97,1,873,0.006039850560398506,0.925693249614381,0.925693249614381,3,56,0.0036003600360036,9606,Homo sapiens,"VIM","P08670",GAPDH,Q9UHD2,"R-HSA-9646679;R-HSA-9824888;R-HSA-9646685"
R-HSA-9711123,"Cellular response to chemical stress",2,288,5,1308,0.01793275217932752,0.926720125722822,0.926720125722822,18,173,0.011122540825511123,9606,Homo sapiens,"HMOX1","ENSG00000100292;P09601",APOE;CCL5;IL32;IL32;GAPDH,P10599;P13500;P18848;P49841;Q05655,"R-HSA-3697882;R-HSA-9761815;R-HSA-9796061;R-HSA-9707645;R-HSA-9709918;R-HSA-9708536;R-HSA-3341343;R-HSA-73646;R-HSA-9796070;R-HSA-1250272;R-HSA-8932284;R-HSA-189398;R-HSA-9759137;R-HSA-9796045;R-HSA-9762094;R-HSA-9708558;R-HSA-9759176;R-HSA-9708457"
R-HSA-8939211,"ESR-mediated signaling",2,257,3,1361,0.016002490660024907,0.9295691303792903,0.9295691303792903,7,114,0.007329304359007329,9606,Homo sapiens,"CTSD","P07339;ENSG00000117984",CCL5;VIM;FN1,P52292;P48061;Q99873,"R-HSA-9632182;R-HSA-9023840;R-HSA-9023861;R-HSA-9023845;R-HSA-9012196;R-HSA-9023846;R-HSA-8954199"
R-HSA-9772573,"Late SARS-CoV-2 Infection Events",0,102,5,898,0.006351183063511831,0.9307589619909453,0.9307589619909453,21,69,0.004436157901504436,9606,Homo sapiens,"","",VIM;PLD3;HLA-A;GAPDH;HMOX1,Q9BYF1;P0DTC3;P0DTC2;Q99873;P49841;P0DTC8,"R-HSA-9733495;R-HSA-9766608;R-HSA-9694392;R-HSA-9694718;R-HSA-9755354;R-HSA-9694780;R-HSA-9694364;R-HSA-9694467;R-HSA-9694337;R-HSA-9696807;R-HSA-9694662;R-HSA-9694438;R-HSA-9694341;R-HSA-9729283;R-HSA-9694794;R-HSA-9770063;R-HSA-9694793;R-HSA-9694447;R-HSA-9727305;R-HSA-9770187;R-HSA-9687724"
R-HSA-75153,"Apoptotic execution phase",1,54,5,938,0.0033623910336239102,0.9307589619909453,0.9307589619909453,6,57,0.0036646521795036646,9606,Homo sapiens,"VIM","P08670",VIM;IL32;APOE;IL32;GAPDH,P08670;P10636;P35222;Q05655,"R-HSA-350319;R-HSA-202969;R-HSA-350318;R-HSA-212552;R-HSA-201629;R-HSA-201628"
R-HSA-9022692,"Regulation of MECP2 expression and activity",0,39,4,931,0.0024283935242839353,0.9313435042081695,0.9313435042081695,1,14,9.000900090009E-4,9606,Homo sapiens,"","",ACTG1;VIM;GAPDH;TAGLN2,P42858,"R-HSA-9023592"
R-HSA-9006934,"Signaling by Receptor Tyrosine Kinases",6,634,9,3183,0.03947696139476961,0.9326340054652239,0.9326340054652239,17,759,0.048797736916548796,9606,Homo sapiens,"FN1;APOE;CTSD;ACTG1","ENSG00000130203;P07339;P63261;P60709;P02649;P02751",CCL5;SH3BGRL3;VIM;FN1;FTH1;GAPDH;HLA-A;APOE;FN1,P49023;P14136;P48061;P31749;P00533;Q16288;P06241;P02649;Q6NXG1;P04792,"R-HSA-6803527;R-HSA-9612243;R-HSA-9612246;R-HSA-5218824;R-HSA-9034016;R-HSA-74730;R-HSA-5218916;R-HSA-9603548;R-HSA-9674531;R-HSA-177942;R-HSA-8874079;R-HSA-9851407;R-HSA-5218838;R-HSA-1253321;R-HSA-202137;R-HSA-9603534;R-HSA-8954199"
R-HSA-9635486,"Infection with Mycobacterium tuberculosis",0,135,3,857,0.008405977584059776,0.9336334523161317,0.9336334523161317,3,73,0.004693326475504693,9606,Homo sapiens,"","",GAPDH;HLA-A;HLA-B,P00558;P35228;P61769,"R-HSA-9637635;R-HSA-9636658;R-HSA-9636261"
R-HSA-9759476,"Regulation of Homotypic Cell-Cell Adhesion",2,215,2,1425,0.013387297633872976,0.9337281752330849,0.9337281752330849,5,125,0.008036517937508036,9606,Homo sapiens,"ACTG1","P63261;P60709",RPL41;GAPDH,P63244;P35222,"R-HSA-9934294;R-HSA-9934486;R-HSA-9934751;R-HSA-9934410;R-HSA-9762282"
R-HSA-1474165,"Reproduction",0,146,3,870,0.00909090909090909,0.9341940808964149,0.9341940808964149,3,44,0.002828854314002829,9606,Homo sapiens,"","",CD74;ACTG1;GAPDH,P40692;O75344;P61073,"R-HSA-912429;R-HSA-912505;R-HSA-9828028"
R-HSA-446203,"Asparagine N-linked glycosylation",0,443,1,586,0.027584059775840598,0.9343799183525272,0.9343799183525272,2,147,0.009450945094509451,9606,Homo sapiens,"","",CD74,O15155,"R-HSA-6809015;R-HSA-5694425"
R-HSA-2173793,"Transcriptional activity of SMAD2/SMAD3:SMAD4 heterotrimer",0,64,1,949,0.00398505603985056,0.9358481245781811,0.9358481245781811,1,51,0.003278899318503279,9606,Homo sapiens,"","",HLA-A,Q13573,"R-HSA-5252001"
R-HSA-5678895,"Defective CFTR causes cystic fibrosis",0,53,8,989,0.0033001245330012453,0.9395499582817108,0.9395499582817108,3,8,5.143371480005143E-4,9606,Homo sapiens,"","",ACTG1;VIM;CTSD;PCBP2;PLD3;ARPC1B;GAPDH;TAGLN2,P13569,"R-HSA-9700266;R-HSA-8866857;R-HSA-5679000"
R-HSA-381753,"Olfactory Signaling Pathway",0,887,1,132,0.05523038605230386,0.9405684133188138,0.9405684133188138,1,13,8.357978655008358E-4,9606,Homo sapiens,"","",CD74,Q5QGT7,"R-HSA-9752977"
R-HSA-1428517,"Aerobic respiration and respiratory electron transport",1,361,2,770,0.02247820672478207,0.9419001015627199,0.9419001015627199,7,117,0.0075221807895075226,9606,Homo sapiens,"UCP2","P55851",APOE;HLA-B,P21796;Q9BYZ2;P31040,"R-HSA-166387;R-HSA-166214;R-HSA-6807826;R-HSA-9854672;R-HSA-9854961;R-HSA-166220;R-HSA-9012374"
R-HSA-1632852,"Macroautophagy",1,158,1,925,0.009838107098381071,0.9427174342291017,0.9427174342291017,3,96,0.006172045776006172,9606,Homo sapiens,"VIM","P08670",GAPDH,Q9UHD2,"R-HSA-9646679;R-HSA-9824888;R-HSA-9646685"
R-HSA-71291,"Metabolism of amino acids and derivatives",1,635,1,430,0.03953922789539228,0.9443182679280238,0.9443182679280238,3,283,0.018194676610518195,9606,Homo sapiens,"RPL41","P62945",FTH1,P42357,"R-HSA-70899;R-HSA-2408529;R-HSA-5333615"
R-HSA-68886,"M Phase",0,403,1,721,0.025093399750933998,0.9443182679280238,0.9443182679280238,1,96,0.006172045776006172,9606,Homo sapiens,"","",CD74,Q14974,"R-HSA-9624798"
R-HSA-5357905,"Regulation of TNFR1 signaling",0,54,2,1021,0.0033623910336239102,0.9446331053543792,0.9446331053543792,2,41,0.002635977883502636,9606,Homo sapiens,"","",ACTG1;RPL41,P63244;Q12933,"R-HSA-5626962;R-HSA-5634221"
R-HSA-5619084,"ABC transporter disorders",0,86,8,992,0.005354919053549191,0.9454125473309902,0.9454125473309902,3,23,0.0014787193005014788,9606,Homo sapiens,"","",ACTG1;VIM;CTSD;PCBP2;PLD3;ARPC1B;GAPDH;TAGLN2,P13569,"R-HSA-9700266;R-HSA-8866857;R-HSA-5679000"
R-HSA-166016,"Toll Like Receptor 4 (TLR4) Cascade",0,166,4,963,0.01033623910336239,0.9460283096570266,0.9460283096570266,5,113,0.007265012215507265,9606,Homo sapiens,"","",ACTG1;PLD3;APOE;GAPDH,Q9BQ95;Q9Y6K9;P19838;Q9UHD2,"R-HSA-9823910;R-HSA-5609665;R-HSA-451634;R-HSA-9757954;R-HSA-166869"
R-HSA-418990,"Adherens junctions interactions",2,238,2,1504,0.01481942714819427,0.9466792318716917,0.9466792318716917,7,141,0.009065192233509066,9606,Homo sapiens,"ACTG1","P63261;P60709",RPL41;GAPDH,P63244;P35222,"R-HSA-9934294;R-HSA-9934486;R-HSA-5692437;R-HSA-9934751;R-HSA-433725;R-HSA-9934410;R-HSA-9762282"
R-HSA-166520,"Signaling by NTRKs",0,166,1,939,0.01033623910336239,0.9467883977462316,0.9467883977462316,3,164,0.010543911534010544,9606,Homo sapiens,"","",HLA-A,Q16288,"R-HSA-9034016;R-HSA-9603534;R-HSA-9603548"
R-HSA-72312,"rRNA processing",1,252,1,930,0.01569115815691158,0.9475379389950868,0.9475379389950868,2,22,0.0014144271570014145,9606,Homo sapiens,"RPL41","P62945",VIM,Q13895,"R-HSA-6791223;R-HSA-6791218"
R-HSA-9675108,"Nervous system development",4,603,7,2299,0.037546699875467,0.9485340949127868,0.9485340949127868,19,322,0.020702070207020702,9606,Homo sapiens,"RPL41;ARPC1B;ACTG1","P63261;P60709;O15143;P62945",ACTG1;SH3BGRL3;FTH1;PCBP2;ARPC1B;GAPDH;FN1,P23528;P00533;P11940;P06241;O00560;O00401;P49841,"R-HSA-8855237;R-HSA-3928600;R-HSA-443779;R-HSA-445089;R-HSA-3928595;R-HSA-399950;R-HSA-399951;R-HSA-392751;R-HSA-445069;R-HSA-373736;R-HSA-373739;R-HSA-4093329;R-HSA-373738;R-HSA-9014652;R-HSA-3928654;R-HSA-9014610;R-HSA-3928608;R-HSA-418874;R-HSA-391867"
R-HSA-199992,"trans-Golgi Network Vesicle Budding",1,80,1,1032,0.0049813200498132005,0.9509934157396263,0.9509934157396263,2,19,0.0012215507265012214,9606,Homo sapiens,"FTH1","P02794",GAPDH,P05067,"R-HSA-5229132;R-HSA-434362"
R-HSA-9833482,"PKR-mediated signaling",0,88,3,1062,0.005479452054794521,0.9553812162505202,0.9553812162505202,2,40,0.0025716857400025716,9606,Homo sapiens,"","",ACTG1;APOE;GAPDH,P37840;P10636-8,"R-HSA-9836404;R-HSA-9836435"
R-HSA-421270,"Cell-cell junction organization",2,271,2,1553,0.016874221668742216,0.9556565873078737,0.9556565873078737,7,146,0.009386652951009386,9606,Homo sapiens,"ACTG1","P63261;P60709",RPL41;GAPDH,P63244;P35222,"R-HSA-9934294;R-HSA-9934486;R-HSA-5692437;R-HSA-9934751;R-HSA-433725;R-HSA-9934410;R-HSA-9762282"
R-HSA-5688426,"Deubiquitination",1,275,0,964,0.017123287671232876,0.95638523185444,0.95638523185444,1,77,0.0049504950495049506,9606,Homo sapiens,"ACTG1","",,,"R-HSA-5689544"
R-HSA-162909,"Host Interactions of HIV factors",1,138,3,1038,0.008592777085927771,0.9576090016136991,0.9576090016136991,6,54,0.003471775749003472,9606,Homo sapiens,"HLA-A","P04439",CD74;GAPDH;FN1,P06241;Q14974,"R-HSA-182243;R-HSA-182279;R-HSA-182263;R-HSA-180709;R-HSA-182286;R-HSA-200908"
R-HSA-199991,"Membrane Trafficking",3,669,2,1878,0.04165628891656289,0.9577418436741157,0.9577418436741157,21,219,0.01407997942651408,9606,Homo sapiens,"FTH1;ACTG1","P63261;P60709;P02794",CD74;GAPDH,O15155;P05067,"R-HSA-8868230;R-HSA-5229132;R-HSA-2316352;R-HSA-8868236;R-HSA-8868651;R-HSA-5694425;R-HSA-190829;R-HSA-8868648;R-HSA-6809015;R-HSA-8868661;R-HSA-196017;R-HSA-8868660;R-HSA-8868659;R-HSA-190519;R-HSA-8868658;R-HSA-196026;R-HSA-8869438;R-HSA-434362;R-HSA-8871194;R-HSA-2316349;R-HSA-8871193"
R-HSA-382556,"ABC-family proteins mediated transport",0,111,8,1070,0.006911581569115816,0.9585636087389788,0.9585636087389788,4,27,0.001735887874501736,9606,Homo sapiens,"","",ACTG1;VIM;CTSD;PCBP2;PLD3;ARPC1B;GAPDH;TAGLN2,P13569,"R-HSA-8866551;R-HSA-383190;R-HSA-8866851;R-HSA-5678863"
R-HSA-75893,"TNF signaling",0,64,3,1123,0.00398505603985056,0.959727133292486,0.959727133292486,7,58,0.003728944323003729,9606,Homo sapiens,"","",ACTG1;RPL41;FTH1,P63244;Q12933;O95429,"R-HSA-5357776;R-HSA-5626982;R-HSA-5626962;R-HSA-5634221;R-HSA-83656;R-HSA-3371353;R-HSA-83660"
R-HSA-1257604,"PIP3 activates AKT signaling",0,315,1,905,0.019613947696139476,0.9600698717611533,0.9600698717611533,1,88,0.005657708628005658,9606,Homo sapiens,"","",VIM,P31749,"R-HSA-6811504"
R-HSA-5693532,"DNA Double-Strand Break Repair",0,171,3,1065,0.010647571606475717,0.9602967661191054,0.9602967661191054,10,116,0.007457888646007458,9606,Homo sapiens,"","",VIM;FN1;HLA-DRB5,Q8N6T7;P52292;Q12888;O14757,"R-HSA-5684006;R-HSA-5684887;R-HSA-5684071;R-HSA-5684882;R-HSA-5685953;R-HSA-5685230;R-HSA-5693566;R-HSA-5693599;R-HSA-5685242;R-HSA-5684008"
R-HSA-4839726,"Chromatin organization",1,269,1,1027,0.016749688667496886,0.9605223903338999,0.9605223903338999,11,105,0.0067506750675067504,9606,Homo sapiens,"ACTG1","P60709",VIM,Q99873;Q12824,"R-HSA-9934023;R-HSA-9933238;R-HSA-9934021;R-HSA-9933237;R-HSA-9933236;R-HSA-5205867;R-HSA-3321975;R-HSA-9932449;R-HSA-9932447;R-HSA-9934026;R-HSA-9934024"
R-HSA-425407,"SLC-mediated transmembrane transport",0,424,2,793,0.026400996264009963,0.9631333212037639,0.9631333212037639,2,200,0.012858428700012858,9606,Homo sapiens,"","",HLA-A;HLA-B,Q9ULF5;Q6ZMH5,"R-HSA-442405;R-HSA-442345"
R-HSA-72163,"mRNA Splicing - Major Pathway",1,213,2,1137,0.013262764632627646,0.9660620476428469,0.9660620476428469,11,11,7.072135785007072E-4,9606,Homo sapiens,"PCBP2","Q15366",VIM;APOE,Q2TBE0;P52756,"R-HSA-9770132;R-HSA-9770119;R-HSA-9770129;R-HSA-9770145;R-HSA-9770131;R-HSA-9770141;R-HSA-9770236;R-HSA-9770847;R-HSA-9772351;R-HSA-9770142;R-HSA-9794542"
R-HSA-388396,"GPCR downstream signalling",2,795,4,1133,0.04950186799501868,0.9663755356653743,0.9663755356653743,10,175,0.011251125112511251,9606,Homo sapiens,"CCL5;FN1","P13501;P02751",SH3BGRL3;FN1;APOE;GAPDH,P52292;P08254;P17612;P00533,"R-HSA-9624017;R-HSA-2179413;R-HSA-9619127;R-HSA-749454;R-HSA-2179387;R-HSA-112282;R-HSA-180073;R-HSA-749456;R-HSA-2179402;R-HSA-380073"
R-HSA-447115,"Interleukin-12 family signaling",0,96,3,1156,0.005977584059775841,0.9675785063020195,0.9675785063020195,3,114,0.007329304359007329,9606,Homo sapiens,"","",ACTG1;GAPDH;APOE,P00441;Q53EL6;P23528,"R-HSA-8950721;R-HSA-8950771;R-HSA-8950581"
R-HSA-168898,"Toll-like Receptor Cascades",0,210,4,1117,0.013075965130759652,0.9685821483677904,0.9685821483677904,6,217,0.01395139513951395,9606,Homo sapiens,"","",ACTG1;PLD3;APOE;GAPDH,Q9BQ95;Q9Y6K9;P19838;Q9UHD2,"R-HSA-9828196;R-HSA-9823910;R-HSA-5609665;R-HSA-451634;R-HSA-9757954;R-HSA-166869"
R-HSA-9694516,"SARS-CoV-2 Infection",2,369,6,1677,0.022976338729763388,0.9689124793543537,0.9689124793543537,34,210,0.013501350135013501,9606,Homo sapiens,"HLA-B;HLA-A","P04439;P01889",VIM;FN1;PLD3;HLA-A;GAPDH;HMOX1,P40337;Q9BYF1;P0DTC3;P52292;P0DTC2;Q99873;P49841;Q9UHD2;P0DTC8,"R-HSA-9766608;R-HSA-9705299;R-HSA-9755359;R-HSA-983426;R-HSA-9755354;R-HSA-9694364;R-HSA-9694467;R-HSA-9694337;R-HSA-9755328;R-HSA-9694662;R-HSA-9694661;R-HSA-9694341;R-HSA-9729283;R-HSA-9694794;R-HSA-9770063;R-HSA-9694793;R-HSA-9694287;R-HSA-9727305;R-HSA-9770187;R-HSA-9754827;R-HSA-9694579;R-HSA-9733495;R-HSA-9705010;R-HSA-9694520;R-HSA-9694392;R-HSA-9699007;R-HSA-9694718;R-HSA-9705082;R-HSA-9694780;R-HSA-9696807;R-HSA-9694438;R-HSA-9694447;R-HSA-9698988;R-HSA-9687724"
R-HSA-9917777,"Epigenetic regulation by WDR5-containing histone modifying complexes",0,172,3,1144,0.010709838107098382,0.9697288670635694,0.9697288670635694,4,68,0.004371865758004372,9606,Homo sapiens,"","",VIM;IL32;HMOX1,Q9NYP7;P49715;P15090,"R-HSA-9856486;R-HSA-9854142;R-HSA-9842815;R-HSA-9843900"
R-HSA-9612973,"Autophagy",1,174,2,1149,0.010834371108343711,0.9705828101791887,0.9705828101791887,17,117,0.0075221807895075226,9606,Homo sapiens,"VIM","P08670",VIM;GAPDH,P14136;Q9UHD2,"R-HSA-9626034;R-HSA-9646679;R-HSA-9626039;R-HSA-9622840;R-HSA-9631065;R-HSA-9624158;R-HSA-9626046;R-HSA-9824888;R-HSA-9646685;R-HSA-9631068;R-HSA-9625188;R-HSA-9620197;R-HSA-9615721;R-HSA-9622831;R-HSA-9625196;R-HSA-9626060;R-HSA-9625197"
R-HSA-9692914,"SARS-CoV-1-host interactions",1,118,2,1204,0.0073474470734744704,0.9708343338726084,0.9708343338726084,4,48,0.003086022888003086,9606,Homo sapiens,"PCBP2","Q15366",CD74;FN1,P52292;Q14974,"R-HSA-9705959;R-HSA-9706977;R-HSA-9685189;R-HSA-9685195"
R-HSA-9856651,"MITF-M-dependent gene expression",1,168,1,1144,0.01046077210460772,0.9709177033976887,0.9709177033976887,5,113,0.007265012215507265,9606,Homo sapiens,"ACTG1","P60709",FN1,P49023,"R-HSA-9824981;R-HSA-9825847;R-HSA-9824593;R-HSA-9824579;R-HSA-9926526"
R-HSA-1852241,"Organelle biogenesis and maintenance",0,340,1,1036,0.021170610211706103,0.9710008381593526,0.9710008381593526,1,86,0.005529124341005529,9606,Homo sapiens,"","",HMOX1,Q3SXY8,"R-HSA-5624953"
R-HSA-381038,"XBP1(S) activates chaperone genes",0,95,2,1185,0.005915317559153176,0.9710837388086904,0.9710837388086904,2,47,0.0030217307445030215,9606,Homo sapiens,"","",CD74;HMOX1,Q9Y6X1;Q9Y5M8,"R-HSA-1791167;R-HSA-1791060"
R-HSA-381070,"IRE1alpha activates chaperones",0,101,2,1190,0.006288916562889165,0.9717385935059895,0.9717385935059895,2,53,0.0034074836055034076,9606,Homo sapiens,"","",CD74;HMOX1,Q9Y6X1;Q9Y5M8,"R-HSA-1791167;R-HSA-1791060"
R-HSA-5619115,"Disorders of transmembrane transporters",0,268,8,1065,0.016687422166874223,0.9722995924112521,0.9722995924112521,3,88,0.005657708628005658,9606,Homo sapiens,"","",ACTG1;VIM;CTSD;PCBP2;PLD3;ARPC1B;GAPDH;TAGLN2,P13569,"R-HSA-9700266;R-HSA-8866857;R-HSA-5679000"
R-HSA-450531,"Regulation of mRNA stability by proteins that bind AU-rich elements",0,80,6,1235,0.0049813200498132005,0.9731590735698821,0.9731590735698821,9,26,0.0016715957310016716,9606,Homo sapiens,"","",VIM;VIM;IL32;IL32;PCBP2;FTH1,P26651;P31749;P31946;Q05655;P11940;P04792;P63104,"R-HSA-450406;R-HSA-450551;R-HSA-482788;R-HSA-450533;R-HSA-450499;R-HSA-450400;R-HSA-450620;R-HSA-450490;R-HSA-450394"
R-HSA-8957322,"Metabolism of steroids",0,344,3,986,0.021419676214196763,0.9733888824436563,0.9733888824436563,7,259,0.01665166516651665,9606,Homo sapiens,"","",CD74;CD74;HMOX1,Q15800;P37268;Q14974;Q9H5J4,"R-HSA-9947207;R-HSA-2065550;R-HSA-1655835;R-HSA-1655850;R-HSA-194641;R-HSA-9947203;R-HSA-194669"
R-HSA-446728,"Cell junction organization",2,298,5,1757,0.01855541718555417,0.973583872523431,0.973583872523431,12,162,0.010415327247010416,9606,Homo sapiens,"ACTG1","P63261;P60709",ACTG1;RPL41;FN1;GAPDH;HLA-A,P63244;P05556;P49023;P35222;Q13418;P50552,"R-HSA-9934294;R-HSA-9934486;R-HSA-446391;R-HSA-5692437;R-HSA-446322;R-HSA-432897;R-HSA-9934751;R-HSA-446364;R-HSA-433725;R-HSA-430347;R-HSA-9934410;R-HSA-9762282"
R-HSA-8878171,"Transcriptional regulation by RUNX1",0,246,2,1123,0.015317559153175592,0.9745091697940624,0.9745091697940624,4,132,0.008486562942008486,9606,Homo sapiens,"","",VIM;FN1,P51451;P17931;Q99873,"R-HSA-8938987;R-HSA-8938382;R-HSA-8935732;R-HSA-8934742"
R-HSA-72172,"mRNA Splicing",1,224,2,1244,0.013947696139476962,0.9747999819344598,0.9747999819344598,11,16,0.0010286742960010286,9606,Homo sapiens,"PCBP2","Q15366",VIM;APOE,Q2TBE0;P52756,"R-HSA-9770132;R-HSA-9770119;R-HSA-9770129;R-HSA-9770145;R-HSA-9770131;R-HSA-9770141;R-HSA-9770236;R-HSA-9770847;R-HSA-9772351;R-HSA-9770142;R-HSA-9794542"
R-HSA-5633007,"Regulation of TP53 Activity",0,178,2,1210,0.011083437110834371,0.97599990105127,0.97599990105127,3,97,0.0062363379195062366,9606,Homo sapiens,"","",HLA-DRB5;FTH1,O14757;Q9UER7,"R-HSA-6799246;R-HSA-3222072;R-HSA-3215295"
R-HSA-9006925,"Intracellular signaling by second messengers",0,362,2,1065,0.02254047322540473,0.9769456624543251,0.9769456624543251,3,116,0.007457888646007458,9606,Homo sapiens,"","",VIM;FN1,P31749;P52292,"R-HSA-9619127;R-HSA-6811504;R-HSA-112282"
R-HSA-5663202,"Diseases of signal transduction by growth factor receptors and second messengers",3,536,3,2257,0.033374844333748446,0.9769720750537402,0.9769720750537402,56,516,0.033174746046033175,9606,Homo sapiens,"FN1;ACTG1","P63261;P60709;P02751",SH3BGRL3;VIM;GAPDH,P31749;P49841;P00533,"R-HSA-9656211;R-HSA-6802919;R-HSA-6802918;R-HSA-9656209;R-HSA-9656215;R-HSA-9656214;R-HSA-6802914;R-HSA-6802912;R-HSA-6802926;R-HSA-6802925;R-HSA-4839746;R-HSA-6802922;R-HSA-6802921;R-HSA-6802935;R-HSA-6802934;R-HSA-6802933;R-HSA-6802932;R-HSA-6802943;R-HSA-6802942;R-HSA-2400001;R-HSA-4791278;R-HSA-2219536;R-HSA-1248677;R-HSA-9700131;R-HSA-6802911;R-HSA-6802910;R-HSA-9712084;R-HSA-9700181;R-HSA-9712085;R-HSA-2243942;R-HSA-6803234;R-HSA-2399969;R-HSA-6803233;R-HSA-9700179;R-HSA-9712083;R-HSA-2399981;R-HSA-9700190;R-HSA-2399982;R-HSA-2399977;R-HSA-2399988;R-HSA-2399985;R-HSA-9724099;R-HSA-9850958;R-HSA-2399996;R-HSA-2399997;R-HSA-9712078;R-HSA-9712079;R-HSA-2399999;R-HSA-2399992;R-HSA-2399941;R-HSA-1247999;R-HSA-9700193;R-HSA-6803230;R-HSA-2399966;R-HSA-6803227;R-HSA-4839734"
R-HSA-170834,"Signaling by TGF-beta Receptor Complex",0,108,1,1284,0.0067247820672478205,0.977469513024152,0.977469513024152,1,100,0.006429214350006429,9606,Homo sapiens,"","",HLA-A,Q13573,"R-HSA-5252001"
R-HSA-373076,"Class A/1 (Rhodopsin-like receptors)",1,415,5,1002,0.025840597758405977,0.9779182515318119,0.9779182515318119,11,187,0.012022630834512023,9606,Homo sapiens,"CCL5","P13501",CD74;CCL5;CD74;HMOX1;HLA-DQA1,P78556;Q99616;P48061;O15467;O15444;Q9P296;P13501;O43612;P25025,"R-HSA-373813;R-HSA-373061;R-HSA-374214;R-HSA-443986;R-HSA-373073;R-HSA-964811;R-HSA-373074;R-HSA-389487;R-HSA-8862733;R-HSA-373087;R-HSA-389481"
R-HSA-9725370,"Signaling by ALK fusions and activated point mutants",1,119,0,1333,0.007409713574097135,0.9809323141715937,0.9809323141715937,11,63,0.004050405040504051,9606,Homo sapiens,"FN1","",,,"R-HSA-9712084;R-HSA-9700181;R-HSA-9712085;R-HSA-9700193;R-HSA-9700179;R-HSA-9712083;R-HSA-9724099;R-HSA-9850958;R-HSA-9700190;R-HSA-9712078;R-HSA-9712079"
R-HSA-9700206,"Signaling by ALK in cancer",1,119,0,1333,0.007409713574097135,0.9809323141715937,0.9809323141715937,12,71,0.0045647421885045645,9606,Homo sapiens,"FN1","",,,"R-HSA-9712084;R-HSA-9700181;R-HSA-9712085;R-HSA-9700193;R-HSA-9700179;R-HSA-9712083;R-HSA-9700131;R-HSA-9724099;R-HSA-9850958;R-HSA-9700190;R-HSA-9712078;R-HSA-9712079"
R-HSA-8986944,"Transcriptional Regulation by MECP2",0,100,4,1371,0.0062266500622665,0.9828120515761146,0.9828120515761146,1,77,0.0049504950495049506,9606,Homo sapiens,"","",ACTG1;VIM;GAPDH;TAGLN2,P42858,"R-HSA-9023592"
R-HSA-109581,"Apoptosis",1,180,5,1362,0.0112079701120797,0.9833009755678288,0.9833009755678288,6,142,0.009129484377009129,9606,Homo sapiens,"VIM","P08670",VIM;IL32;APOE;IL32;GAPDH,P08670;P10636;P35222;Q05655,"R-HSA-350319;R-HSA-202969;R-HSA-350318;R-HSA-212552;R-HSA-201629;R-HSA-201628"
R-HSA-162906,"HIV Infection",1,247,4,1301,0.015379825653798257,0.9836822280762335,0.9836822280762335,9,160,0.010286742960010286,9606,Homo sapiens,"HLA-A","P04439",CD74;CTSD;GAPDH;FN1,P06241;P04578;Q14974,"R-HSA-182243;R-HSA-182279;R-HSA-182263;R-HSA-180709;R-HSA-171291;R-HSA-182286;R-HSA-174494;R-HSA-200908;R-HSA-174493"
R-HSA-112314,"Neurotransmitter receptors and postsynaptic signal transmission",0,232,4,1279,0.014445828144458281,0.9839625281211227,0.9839625281211227,5,110,0.007072135785007072,9606,Homo sapiens,"","",ACTG1;VIM;FN1;GAPDH,P52292;P07196;P10636-8,"R-HSA-9619542;R-HSA-9619127;R-HSA-9619515;R-HSA-112282;R-HSA-9610879"
R-HSA-1500931,"Cell-Cell communication",2,336,8,1945,0.02092154420921544,0.9842444169674696,0.9842444169674696,15,185,0.011894046547511894,9606,Homo sapiens,"ACTG1","P63261;P60709",ACTG1;RPL41;FN1;ARPC1B;GAPDH;HLA-A;ACTG1;FN1,P63244;P05556;P49023;P06241;O00401;P35222;Q13418;P50552;P46940,"R-HSA-9934294;R-HSA-9934486;R-HSA-5692437;R-HSA-432897;R-HSA-9934751;R-HSA-430347;R-HSA-446391;R-HSA-532603;R-HSA-446322;R-HSA-8981534;R-HSA-451377;R-HSA-446364;R-HSA-433725;R-HSA-9934410;R-HSA-9762282"
R-HSA-1169410,"Antiviral mechanism by IFN-stimulated genes",0,172,3,1384,0.010709838107098382,0.9849503028544497,0.9849503028544497,2,71,0.0045647421885045645,9606,Homo sapiens,"","",ACTG1;APOE;GAPDH,P37840;P10636-8,"R-HSA-9836404;R-HSA-9836435"
R-HSA-8862803,"Deregulated CDK5 triggers multiple neurodegenerative pathways in Alzheimer's disease models",0,30,1,1495,0.0018679950186799503,0.9853792403493408,0.9853792403493408,2,22,0.0014144271570014145,9606,Homo sapiens,"","",GAPDH,P05067,"R-HSA-8870710;R-HSA-8863009"
R-HSA-8863678,"Neurodegenerative Diseases",0,30,1,1495,0.0018679950186799503,0.9853792403493408,0.9853792403493408,2,22,0.0014144271570014145,9606,Homo sapiens,"","",GAPDH,P05067,"R-HSA-8870710;R-HSA-8863009"
R-HSA-9734009,"Defective Intrinsic Pathway for Apoptosis",0,33,1,1495,0.002054794520547945,0.9854635712871456,0.9854635712871456,2,24,0.001543011444001543,9606,Homo sapiens,"","",GAPDH,P05067,"R-HSA-8870710;R-HSA-8863009"
R-HSA-382551,"Transport of small molecules",4,1004,12,2538,0.06251556662515567,0.986015503652496,0.986015503652496,25,465,0.029895846727529894,9606,Homo sapiens,"FTH1;HMOX1;APOE","ENST00000273550;P02649;P09601;P02794",ACTG1;VIM;CTSD;PCBP2;FN1;PLD3;ARPC1B;APOE;GAPDH;HLA-A;HLA-B;TAGLN2,P02655;P08519;P13569;Q9ULF5;P02649;Q6ZMH5;Q8WTV0-2;P01130,"R-HSA-349637;R-HSA-174657;R-HSA-349638;R-HSA-174660;R-HSA-171087;R-HSA-5690886;R-HSA-174739;R-HSA-383190;R-HSA-189398;R-HSA-1562626;R-HSA-5678863;R-HSA-174808;R-HSA-174690;R-HSA-171106;R-HSA-174624;R-HSA-442405;R-HSA-8866851;R-HSA-174757;R-HSA-176879;R-HSA-442345;R-HSA-8866551;R-HSA-174706;R-HSA-171122;R-HSA-6784734;R-HSA-266303"
R-HSA-9006936,"Signaling by TGFB family members",0,178,1,1410,0.011083437110834371,0.9863206216444651,0.9863206216444651,1,148,0.009515237238009516,9606,Homo sapiens,"","",HLA-A,Q13573,"R-HSA-5252001"
R-HSA-9679506,"SARS-CoV Infections",3,576,8,2465,0.03586550435865504,0.9865904527438314,0.9865904527438314,50,401,0.02578114954352578,9606,Homo sapiens,"PCBP2;HLA-B;HLA-A","P04439;P01889;Q15366",CD74;VIM;VIM;FN1;PLD3;HLA-A;GAPDH;HMOX1,P40337;Q14974;P59594;Q9BYF1;P0DTC3;P52292;P0DTC2;Q99873;P49841;Q9UHD2;P0DTC8,"R-HSA-983426;R-HSA-9694364;R-HSA-9694467;R-HSA-9694337;R-HSA-9683719;R-HSA-9694341;R-HSA-9729283;R-HSA-9678128;R-HSA-9695415;R-HSA-9686710;R-HSA-9705010;R-HSA-9694520;R-HSA-9694392;R-HSA-9699007;R-HSA-9694780;R-HSA-9683772;R-HSA-9683488;R-HSA-9696807;R-HSA-9683755;R-HSA-9683624;R-HSA-9698988;R-HSA-9687724;R-HSA-9766608;R-HSA-9705299;R-HSA-9755359;R-HSA-9755354;R-HSA-9755328;R-HSA-9694662;R-HSA-9694661;R-HSA-9683653;R-HSA-9685189;R-HSA-9686731;R-HSA-9685195;R-HSA-9694794;R-HSA-9770063;R-HSA-9694793;R-HSA-9694287;R-HSA-9683663;R-HSA-9727305;R-HSA-9770187;R-HSA-9754827;R-HSA-9694579;R-HSA-9733495;R-HSA-9683455;R-HSA-9694718;R-HSA-9705082;R-HSA-9705959;R-HSA-9706977;R-HSA-9694438;R-HSA-9694447"
R-HSA-72203,"Processing of Capped Intron-Containing Pre-mRNA",1,299,3,1457,0.018617683686176837,0.9879581715236352,0.9879581715236352,13,35,0.0022502250225022503,9606,Homo sapiens,"PCBP2","Q15366",VIM;PCBP2;APOE,Q2TBE0;P52756;P84103,"R-HSA-9770132;R-HSA-9770129;R-HSA-9770131;R-HSA-72103;R-HSA-9770141;R-HSA-9770236;R-HSA-9770847;R-HSA-9772351;R-HSA-9770142;R-HSA-9770119;R-HSA-9770145;R-HSA-75096;R-HSA-9794542"
R-HSA-500792,"GPCR ligand binding",1,610,5,1059,0.03798256537982565,0.9888980430500811,0.9888980430500811,11,219,0.01407997942651408,9606,Homo sapiens,"CCL5","P13501",CD74;CCL5;CD74;HMOX1;HLA-DQA1,P78556;Q99616;P48061;O15467;O15444;Q9P296;P13501;O43612;P25025,"R-HSA-373813;R-HSA-373061;R-HSA-374214;R-HSA-443986;R-HSA-373073;R-HSA-964811;R-HSA-373074;R-HSA-389487;R-HSA-8862733;R-HSA-373087;R-HSA-389481"
R-HSA-9645723,"Diseases of programmed cell death",0,97,1,1542,0.006039850560398506,0.9892158839887392,0.9892158839887392,2,37,0.002378809309502379,9606,Homo sapiens,"","",GAPDH,P05067,"R-HSA-8870710;R-HSA-8863009"
R-HSA-73887,"Death Receptor Signaling",0,172,3,1585,0.010709838107098382,0.9912287694122675,0.9912287694122675,7,119,0.00765076507650765,9606,Homo sapiens,"","",ACTG1;RPL41;FTH1,P63244;Q12933;O95429,"R-HSA-5357776;R-HSA-5626982;R-HSA-5626962;R-HSA-5634221;R-HSA-83656;R-HSA-3371353;R-HSA-83660"
R-HSA-9730414,"MITF-M-regulated melanocyte development",1,233,2,1541,0.014508094645080946,0.9918928654126592,0.9918928654126592,8,150,0.009643821525009644,9606,Homo sapiens,"ACTG1","P60709",FN1;GAPDH,P49023;P49841;P35222,"R-HSA-9824981;R-HSA-9824999;R-HSA-9825847;R-HSA-9824598;R-HSA-9824593;R-HSA-9824995;R-HSA-9824579;R-HSA-9926526"
R-HSA-157118,"Signaling by NOTCH",0,260,2,1516,0.0161892901618929,0.9921489939094902,0.9921489939094902,3,165,0.010608203677510608,9606,Homo sapiens,"","",VIM;CTSD,Q8N6T7;P31749;O00308,"R-HSA-9604834;R-HSA-9021520;R-HSA-9604328"
R-HSA-5663205,"Infectious disease",9,1706,11,4991,0.1062266500622665,0.9922897479813433,0.9922897479813433,82,1075,0.06911405426256911,9606,Homo sapiens,"RPL41;ARPC1B;PCBP2;HLA-B;FN1;HMOX1;HLA-A;ACTG1","P63261;P60709;P04439;P01889;O15143;P62945;P09601;Q15366;P02751",CD74;VIM;VIM;CTSD;FN1;PLD3;HLA-A;GAPDH;HLA-B;HMOX1;FN1,P04578;P61769;Q14457;Q14974;P36507;P52292;P06241;Q99873;P49841;P19838;P40337;P59594;Q9BYF1;P0DTC3;P00558;P10599;P0DTC2;P35228;Q9UHD2;P0DTC8,"R-HSA-9831702;R-HSA-2029466;R-HSA-182279;R-HSA-9666458;R-HSA-9638552;R-HSA-182286;R-HSA-983426;R-HSA-9694364;R-HSA-9637635;R-HSA-9694467;R-HSA-9694337;R-HSA-5211356;R-HSA-9683719;R-HSA-9932034;R-HSA-9694341;R-HSA-9729283;R-HSA-171291;R-HSA-2197690;R-HSA-174494;R-HSA-174493;R-HSA-9636658;R-HSA-9678128;R-HSA-9695415;R-HSA-9686710;R-HSA-9705010;R-HSA-9694520;R-HSA-9694392;R-HSA-9699007;R-HSA-9694780;R-HSA-9683772;R-HSA-9683488;R-HSA-9696807;R-HSA-9636261;R-HSA-9683755;R-HSA-9837231;R-HSA-9683624;R-HSA-2029473;R-HSA-9698988;R-HSA-9687724;R-HSA-192704;R-HSA-9621073;R-HSA-9766608;R-HSA-9705299;R-HSA-1861595;R-HSA-9755359;R-HSA-1250264;R-HSA-192841;R-HSA-9755354;R-HSA-200908;R-HSA-9755328;R-HSA-9694662;R-HSA-9694661;R-HSA-9683653;R-HSA-9685189;R-HSA-9686731;R-HSA-9685195;R-HSA-9694794;R-HSA-9770063;R-HSA-9694793;R-HSA-9694287;R-HSA-9683663;R-HSA-9727305;R-HSA-9770187;R-HSA-1250253;R-HSA-9754827;R-HSA-9694579;R-HSA-182243;R-HSA-9733495;R-HSA-442592;R-HSA-180709;R-HSA-9683455;R-HSA-9694718;R-HSA-9705082;R-HSA-9705959;R-HSA-1250272;R-HSA-168310;R-HSA-9706977;R-HSA-182263;R-HSA-9694438;R-HSA-1250280;R-HSA-9694447;R-HSA-168317"
R-HSA-9824439,"Bacterial Infection Pathways",1,404,3,1378,0.02515566625155666,0.9925073747902595,0.9925073747902595,6,229,0.014722900861514723,9606,Homo sapiens,"FN1","P02751",GAPDH;HLA-A;HLA-B,P00558;P35228;P61769;P36507,"R-HSA-9637635;R-HSA-9636658;R-HSA-5211356;R-HSA-9932034;R-HSA-9636261;R-HSA-9638552"
R-HSA-73894,"DNA Repair",1,380,4,1532,0.023661270236612703,0.9931764732374684,0.9931764732374684,13,342,0.021987913077021987,9606,Homo sapiens,"ACTG1","P60709",ACTG1;VIM;FN1;HLA-DRB5,Q8N6T7;Q12888;O14757;O15287;P52292;P40692,"R-HSA-5684887;R-HSA-6785126;R-HSA-5684882;R-HSA-5693566;R-HSA-5691006;R-HSA-5693599;R-HSA-5685242;R-HSA-5684006;R-HSA-5684071;R-HSA-5685953;R-HSA-5685230;R-HSA-5444523;R-HSA-5684008"
R-HSA-9678108,"SARS-CoV-1 Infection",1,194,5,1689,0.012079701120797011,0.9938590190429095,0.9938590190429095,16,159,0.010222450816510223,9606,Homo sapiens,"PCBP2","Q15366",CD74;VIM;VIM;FN1;GAPDH,P40337;Q14974;P59594;Q9BYF1;P52292;P49841,"R-HSA-9678128;R-HSA-9695415;R-HSA-9686710;R-HSA-9683455;R-HSA-9683772;R-HSA-9705959;R-HSA-9683719;R-HSA-9706977;R-HSA-9683653;R-HSA-9685189;R-HSA-9686731;R-HSA-9683755;R-HSA-9685195;R-HSA-9683624;R-HSA-9683663;R-HSA-9687724"
R-HSA-201681,"TCF dependent signaling in response to WNT",0,202,4,1696,0.01257783312577833,0.9941746080876701,0.9941746080876701,10,71,0.0045647421885045645,9606,Homo sapiens,"","",VIM;VIM;HLA-A;GAPDH,P34925;P49841;P35222;P63104,"R-HSA-3299569;R-HSA-5368580;R-HSA-201685;R-HSA-201669;R-HSA-3772430;R-HSA-5323526;R-HSA-5323545;R-HSA-3769393;R-HSA-3769383;R-HSA-5626938"
R-HSA-381119,"Unfolded Protein Response (UPR)",0,156,5,1720,0.009713574097135741,0.9945386962370808,0.9945386962370808,9,99,0.006364922206506365,9606,Homo sapiens,"","",APOE;CCL5;VIM;CD74;HMOX1,Q9Y6X1;P13500;P18848;Q9Y5M8;P11021,"R-HSA-1791167;R-HSA-517731;R-HSA-1791150;R-HSA-1791180;R-HSA-1791107;R-HSA-1791056;R-HSA-1791095;R-HSA-381128;R-HSA-1791060"
R-HSA-5357801,"Programmed Cell Death",1,225,6,1793,0.014009962640099627,0.9956193341191477,0.9956193341191477,7,193,0.012408383695512408,9606,Homo sapiens,"VIM","P08670",FTH1;VIM;IL32;APOE;IL32;GAPDH,O00560;P08670;P10636;P35222;Q05655,"R-HSA-9688832;R-HSA-350319;R-HSA-202969;R-HSA-350318;R-HSA-212552;R-HSA-201629;R-HSA-201628"
R-HSA-112315,"Transmission across Chemical Synapses",0,344,5,1730,0.021419676214196763,0.9967962027856688,0.9967962027856688,11,167,0.010736787964510736,9606,Homo sapiens,"","",ACTG1;VIM;FN1;GAPDH;HMOX1,P52292;P07196;P10636-8;Q16623,"R-HSA-9619542;R-HSA-9619127;R-HSA-9619515;R-HSA-210426;R-HSA-112282;R-HSA-380574;R-HSA-372505;R-HSA-380905;R-HSA-9610879;R-HSA-917744;R-HSA-374922"
R-HSA-1266738,"Developmental Biology",9,1920,14,5316,0.11955168119551682,0.9971304776174977,0.9971304776174977,74,959,0.061656165616561655,9606,Homo sapiens,"CD74;RPL41;ARPC1B;FN1;VIM;ACTG1","ENST00000544301;P63261;P08670;P60709;O15143;P62945;ENST00000009530;P04233;P02751",UCP2;FTH1;ARPC1B;FTH1;HLA-A;GAPDH;CD74;ACTG1;SH3BGRL3;VIM;IL32;PCBP2;FN1;FN1,Q9Y337;P49023;P15090;P00533;P06241;P09017;P49715;P49841;P07476;P20930;P23528;P22735;P61073;P11940;O00560;O00401;P35222;O60437,"R-HSA-9756948;R-HSA-8849797;R-HSA-9618582;R-HSA-8850818;R-HSA-443779;R-HSA-9834897;R-HSA-8850831;R-HSA-1183003;R-HSA-445069;R-HSA-9925892;R-HSA-9835266;R-HSA-8942224;R-HSA-3928608;R-HSA-9756724;R-HSA-9624112;R-HSA-9825847;R-HSA-3928600;R-HSA-8849826;R-HSA-9617207;R-HSA-445089;R-HSA-3928595;R-HSA-1183032;R-HSA-9624120;R-HSA-392751;R-HSA-8934819;R-HSA-9617087;R-HSA-4093329;R-HSA-418874;R-HSA-6810843;R-HSA-391867;R-HSA-1183058;R-HSA-9824981;R-HSA-6814374;R-HSA-8855237;R-HSA-9824598;R-HSA-9824593;R-HSA-8849857;R-HSA-399950;R-HSA-399951;R-HSA-9622363;R-HSA-9853402;R-HSA-9622367;R-HSA-9624668;R-HSA-9824579;R-HSA-9910607;R-HSA-9823950;R-HSA-9754191;R-HSA-9014610;R-HSA-9925879;R-HSA-8849638;R-HSA-9616243;R-HSA-9835252;R-HSA-560491;R-HSA-9616241;R-HSA-9754480;R-HSA-381283;R-HSA-9926526;R-HSA-8849646;R-HSA-5617855;R-HSA-8850794;R-HSA-9634430;R-HSA-373736;R-HSA-373739;R-HSA-373738;R-HSA-9824999;R-HSA-6810899;R-HSA-9830368;R-HSA-9014652;R-HSA-3928654;R-HSA-560510;R-HSA-9824995;R-HSA-9830371;R-HSA-381309;R-HSA-9835496"
R-HSA-372790,"Signaling by GPCR",2,878,9,2089,0.054669987546699876,0.9972388599380742,0.9972388599380742,21,394,0.02533110453902533,9606,Homo sapiens,"CCL5;FN1","P13501;P02751",CD74;CCL5;CD74;SH3BGRL3;FN1;GAPDH;APOE;HMOX1;HLA-DQA1,P78556;P48061;P00533;O15467;P52292;P08254;O15444;P25025;Q99616;P17612;Q9P296;P13501;O43612,"R-HSA-373061;R-HSA-9624017;R-HSA-374214;R-HSA-9619127;R-HSA-749454;R-HSA-964811;R-HSA-389487;R-HSA-8862733;R-HSA-180073;R-HSA-2179402;R-HSA-389481;R-HSA-380073;R-HSA-373813;R-HSA-443986;R-HSA-373073;R-HSA-2179413;R-HSA-373074;R-HSA-2179387;R-HSA-373087;R-HSA-112282;R-HSA-749456"
R-HSA-212165,"Epigenetic regulation of gene expression",1,343,5,1890,0.021357409713574096,0.9974874362500658,0.9974874362500658,7,119,0.00765076507650765,9606,Homo sapiens,"ACTG1","P60709",ACTG1;VIM;IL32;GAPDH;HMOX1,Q9NYP7;P60709;P49715;P15090;P49841,"R-HSA-9856486;R-HSA-5250947;R-HSA-9854142;R-HSA-9842815;R-HSA-9843900;R-HSA-9845308;R-HSA-9727450"
R-HSA-112316,"Neuronal System",0,490,6,1876,0.030510585305105854,0.9985741514427543,0.9985741514427543,12,221,0.014208563713514208,9606,Homo sapiens,"","",ACTG1;VIM;FN1;HLA-A;GAPDH;HMOX1,Q16288;P52292;P07196;P10636-8;Q16623,"R-HSA-9619542;R-HSA-9619127;R-HSA-6798257;R-HSA-9619515;R-HSA-210426;R-HSA-112282;R-HSA-380574;R-HSA-380905;R-HSA-372505;R-HSA-9610879;R-HSA-917744;R-HSA-374922"
R-HSA-69278,"Cell Cycle, Mitotic",0,587,3,1977,0.03655043586550436,0.9986928191402195,0.9986928191402195,4,367,0.023595216664523595,9606,Homo sapiens,"","",CD74;GAPDH;CRIP1,P04183;P12004;P49841;Q14974,"R-HSA-8961665;R-HSA-9624798;R-HSA-75820;R-HSA-8962039"
R-HSA-195721,"Signaling by WNT",0,318,4,2133,0.019800747198007472,0.99875780209632,0.99875780209632,13,157,0.010093866529510094,9606,Homo sapiens,"","",VIM;VIM;HLA-A;GAPDH,P34925;P49841;P35222;P63104,"R-HSA-3299569;R-HSA-4551555;R-HSA-201669;R-HSA-5323545;R-HSA-3769393;R-HSA-195304;R-HSA-5626938;R-HSA-195251;R-HSA-5368580;R-HSA-201685;R-HSA-3772430;R-HSA-5323526;R-HSA-3769383"
R-HSA-3108232,"SUMO E3 ligases SUMOylate target proteins",0,184,5,2422,0.01145703611457036,0.999225759762483,0.999225759762483,5,132,0.008486562942008486,9606,Homo sapiens,"","",ACTG1;VIM;FN1;FTH1;GAPDH,Q9Y6K9;Q12888;P12004;Q9UER7;P40337,"R-HSA-4615910;R-HSA-2997723;R-HSA-4085992;R-HSA-4755411;R-HSA-4551721"
R-HSA-9824446,"Viral Infection Pathways",4,1148,10,3905,0.07148194271481943,0.999295098876274,0.999295098876274,66,752,0.048347691912048345,9606,Homo sapiens,"RPL41;PCBP2;HLA-B;HLA-A","P04439;P01889;P62945;Q15366",CD74;VIM;VIM;CTSD;FN1;PLD3;GAPDH;HLA-A;HMOX1;FN1,P04578;Q14457;Q14974;P52292;P06241;Q99873;P49841;P19838;P40337;P59594;Q9BYF1;P0DTC3;P0DTC2;Q9UHD2;P0DTC8,"R-HSA-9831702;R-HSA-182279;R-HSA-182286;R-HSA-983426;R-HSA-9694364;R-HSA-9694467;R-HSA-9694337;R-HSA-9683719;R-HSA-9694341;R-HSA-9729283;R-HSA-171291;R-HSA-174494;R-HSA-174493;R-HSA-9678128;R-HSA-9695415;R-HSA-9686710;R-HSA-9705010;R-HSA-9694520;R-HSA-9694392;R-HSA-9699007;R-HSA-9694780;R-HSA-9683772;R-HSA-9683488;R-HSA-9696807;R-HSA-9683755;R-HSA-9837231;R-HSA-9683624;R-HSA-9698988;R-HSA-9687724;R-HSA-192704;R-HSA-9621073;R-HSA-9766608;R-HSA-9705299;R-HSA-9755359;R-HSA-192841;R-HSA-9755354;R-HSA-200908;R-HSA-9755328;R-HSA-9694662;R-HSA-9694661;R-HSA-9683653;R-HSA-9685189;R-HSA-9686731;R-HSA-9685195;R-HSA-9694794;R-HSA-9770063;R-HSA-9694793;R-HSA-9694287;R-HSA-9683663;R-HSA-9727305;R-HSA-9770187;R-HSA-9754827;R-HSA-9694579;R-HSA-182243;R-HSA-9733495;R-HSA-180709;R-HSA-9683455;R-HSA-9694718;R-HSA-9705082;R-HSA-9705959;R-HSA-168310;R-HSA-9706977;R-HSA-182263;R-HSA-9694438;R-HSA-9694447;R-HSA-168317"
R-HSA-2990846,"SUMOylation",0,193,5,2458,0.012017434620174346,0.9993098187937156,0.9993098187937156,7,141,0.009065192233509066,9606,Homo sapiens,"","",ACTG1;VIM;FN1;FTH1;GAPDH,Q9Y6K9;Q12888;P40337;P61956;P12004;Q9UER7,"R-HSA-4615910;R-HSA-2993784;R-HSA-2997723;R-HSA-4085992;R-HSA-2990842;R-HSA-4755411;R-HSA-4551721"
R-HSA-3700989,"Transcriptional Regulation by TP53",0,486,5,2346,0.030261519302615194,0.9995488382823237,0.9995488382823237,10,258,0.016587373023016588,9606,Homo sapiens,"","",ACTG1;VIM;HLA-DRB5;FTH1;GAPDH,O14757;P10599;Q9UER7;P40692;Q99873;Q92574;Q92696,"R-HSA-3215152;R-HSA-6801089;R-HSA-6799246;R-HSA-3222072;R-HSA-165179;R-HSA-6801101;R-HSA-3341343;R-HSA-3215295;R-HSA-73646;R-HSA-6806392"
R-HSA-556833,"Metabolism of lipids",2,1509,6,2356,0.0939601494396015,0.9997549360043744,0.9997549360043744,13,1003,0.06448501993056449,9606,Homo sapiens,"PLD3","Q96BZ4;Q8IV08",CD74;ACTG1;VIM;CTSD;CD74;HMOX1,Q15800;P15090;Q14974;Q08426;Q8NBJ7;P37268;Q9H5J4;Q16880,"R-HSA-1655835;R-HSA-6809263;R-HSA-6785933;R-HSA-194669;R-HSA-1483142;R-HSA-9947207;R-HSA-2065550;R-HSA-1655850;R-HSA-194641;R-HSA-9947203;R-HSA-6809264;R-HSA-1614336;R-HSA-163549"
R-HSA-8953854,"Metabolism of RNA",2,856,7,3352,0.053300124533001245,0.9998018006300683,0.9998018006300683,32,227,0.014594316574514595,9606,Homo sapiens,"RPL41;PCBP2","P62945;Q15366",VIM;VIM;IL32;IL32;PCBP2;FTH1;APOE,P26651;P31749;P31946;Q05655;Q13895;P11940;Q2TBE0;P52756;P84103;P04792;P63104,"R-HSA-9770132;R-HSA-9770129;R-HSA-450499;R-HSA-429955;R-HSA-9770131;R-HSA-9770141;R-HSA-9770847;R-HSA-9770142;R-HSA-927813;R-HSA-6791223;R-HSA-9770119;R-HSA-927836;R-HSA-6791218;R-HSA-927832;R-HSA-927830;R-HSA-75096;R-HSA-450394;R-HSA-927889;R-HSA-450406;R-HSA-482788;R-HSA-927789;R-HSA-450533;R-HSA-450400;R-HSA-72103;R-HSA-9770236;R-HSA-9772351;R-HSA-429992;R-HSA-450551;R-HSA-9770145;R-HSA-450620;R-HSA-9794542;R-HSA-450490"
R-HSA-8953897,"Cellular responses to stimuli",4,1167,10,4300,0.07266500622665006,0.9998084215452837,0.9998084215452837,63,613,0.03941108396553941,9606,Homo sapiens,"RPL41;FN1;HMOX1","ENSG00000100292;P62945;P09601;P02751",APOE;CCL5;VIM;IL32;IL32;CD74;APOE;GAPDH;HMOX1;FN1,P02795;P31749;P06241;Q9Y6X1;P49841;P18848;Q9Y5M8;Q05655;P10599;P13500;P11021;Q9NUX5,"R-HSA-9865238;R-HSA-9865748;R-HSA-9860500;R-HSA-9761815;R-HSA-9865501;R-HSA-9653893;R-HSA-3371435;R-HSA-1791107;R-HSA-9865228;R-HSA-9708558;R-HSA-9654792;R-HSA-9865226;R-HSA-9857673;R-HSA-1791167;R-HSA-9865520;R-HSA-9635892;R-HSA-3341343;R-HSA-73646;R-HSA-9906597;R-HSA-8932284;R-HSA-1791150;R-HSA-9759137;R-HSA-9762094;R-HSA-9655086;R-HSA-9708457;R-HSA-9635927;R-HSA-5662608;R-HSA-9865182;R-HSA-9796061;R-HSA-9841244;R-HSA-3225851;R-HSA-9709918;R-HSA-1791056;R-HSA-381128;R-HSA-9635804;R-HSA-1791060;R-HSA-5662598;R-HSA-189398;R-HSA-3785711;R-HSA-1791180;R-HSA-9796045;R-HSA-9635915;R-HSA-9633742;R-HSA-5662986;R-HSA-9759176;R-HSA-3697882;R-HSA-9633008;R-HSA-517731;R-HSA-9841265;R-HSA-9707645;R-HSA-9857661;R-HSA-1791095;R-HSA-9708536;R-HSA-9796070;R-HSA-9635936;R-HSA-9654752;R-HSA-1250272;R-HSA-9865184;R-HSA-9860833;R-HSA-9861484;R-HSA-9653742;R-HSA-9634669;R-HSA-9633005"
R-HSA-597592,"Post-translational protein modification",5,1680,8,4779,0.10460772104607721,0.9998868722340268,0.9998868722340268,18,606,0.03896103896103896,9606,Homo sapiens,"HLA-B;FN1;APOE;HLA-A;ACTG1","P60709;P02649;P04439;Q9MY60;P02751",ACTG1;VIM;CTSD;FN1;CD74;FTH1;HLA-A;GAPDH,Q9Y6K9;Q12888;O15155;P40337;P61956;Q8NBJ7;P12004;Q9UER7;P07225;Q92696,"R-HSA-8943080;R-HSA-4615910;R-HSA-8943083;R-HSA-8952289;R-HSA-159752;R-HSA-4551721;R-HSA-5694425;R-HSA-6809015;R-HSA-159729;R-HSA-2993784;R-HSA-2997723;R-HSA-4085992;R-HSA-2990842;R-HSA-1614336;R-HSA-8870461;R-HSA-4755411;R-HSA-5689544;R-HSA-159773"
R-HSA-2262752,"Cellular responses to stress",3,1040,8,3959,0.0647571606475716,0.9998917500180601,0.9998917500180601,46,521,0.033496206763533494,9606,Homo sapiens,"RPL41;HMOX1","ENSG00000100292;P62945;P09601",APOE;CCL5;VIM;IL32;IL32;CD74;GAPDH;HMOX1,P18848;P31749;Q9Y5M8;Q05655;P10599;Q9Y6X1;P13500;P49841;P11021;Q9NUX5,"R-HSA-9761815;R-HSA-9635927;R-HSA-9796061;R-HSA-9841244;R-HSA-3225851;R-HSA-9709918;R-HSA-1791056;R-HSA-381128;R-HSA-9635804;R-HSA-1791060;R-HSA-189398;R-HSA-9653893;R-HSA-3785711;R-HSA-1791180;R-HSA-3371435;R-HSA-9796045;R-HSA-9635915;R-HSA-1791107;R-HSA-9708558;R-HSA-9654792;R-HSA-9633742;R-HSA-9759176;R-HSA-3697882;R-HSA-9633008;R-HSA-1791167;R-HSA-517731;R-HSA-9841265;R-HSA-9635892;R-HSA-9707645;R-HSA-1791095;R-HSA-9708536;R-HSA-3341343;R-HSA-73646;R-HSA-9796070;R-HSA-9635936;R-HSA-9654752;R-HSA-1250272;R-HSA-8932284;R-HSA-1791150;R-HSA-9759137;R-HSA-9762094;R-HSA-9653742;R-HSA-9655086;R-HSA-9708457;R-HSA-9634669;R-HSA-9633005"
R-HSA-1640170,"Cell Cycle",0,724,7,2820,0.04508094645080946,0.9999051404325291,0.9999051404325291,14,467,0.030024431014530024,9606,Homo sapiens,"","",CD74;ACTG1;HLA-DRB5;FTH1;GAPDH;CRIP1;HMOX1,O14757;Q14974;O75344;P04183;P12004;Q9UER7;P40692;P49841;Q9NUX5,"R-HSA-912429;R-HSA-75010;R-HSA-69604;R-HSA-181450;R-HSA-6799246;R-HSA-8961665;R-HSA-9624798;R-HSA-75820;R-HSA-912505;R-HSA-75028;R-HSA-176116;R-HSA-176700;R-HSA-9007926;R-HSA-8962039"
R-HSA-392499,"Metabolism of proteins",8,2417,10,6109,0.15049813200498133,0.9999116912777829,0.9999116912777829,57,909,0.05844155844155844,9606,Homo sapiens,"RPL41;HLA-B;FN1;HLA-A;APOE;CTSD;ACTG1","P07339;P60709;P04439;P02649;O96009;P62945;Q9MY60;P02751",ACTG1;VIM;CTSD;PCBP2;FN1;CD74;FTH1;HLA-A;GAPDH;APOE,P60709;Q12888;O15155;P61956;Q8NBJ7;Q9UER7;P07225;Q92696;P05067;Q9Y6K9;P17612;P40337;P11940;P10599;P02649;O00471;P12004;P37840,"R-HSA-5660757;R-HSA-1799326;R-HSA-159752;R-HSA-156808;R-HSA-5694425;R-HSA-2022412;R-HSA-1614336;R-HSA-156826;R-HSA-5692495;R-HSA-4755411;R-HSA-2022403;R-HSA-5689544;R-HSA-159773;R-HSA-4615910;R-HSA-9010091;R-HSA-5676917;R-HSA-390453;R-HSA-5661157;R-HSA-9010096;R-HSA-1799330;R-HSA-8870461;R-HSA-1799329;R-HSA-1799335;R-HSA-390459;R-HSA-1799332;R-HSA-5661161;R-HSA-8871494;R-HSA-6809015;R-HSA-976734;R-HSA-2993784;R-HSA-5684864;R-HSA-4085992;R-HSA-5658496;R-HSA-2990842;R-HSA-389970;R-HSA-5685902;R-HSA-389980;R-HSA-5676940;R-HSA-265177;R-HSA-72671;R-HSA-8943080;R-HSA-72673;R-HSA-72672;R-HSA-8943083;R-HSA-141671;R-HSA-9838321;R-HSA-8952289;R-HSA-156907;R-HSA-141673;R-HSA-4551721;R-HSA-156915;R-HSA-156912;R-HSA-159729;R-HSA-2997723;R-HSA-156923;R-HSA-141691;R-HSA-9010034"
R-HSA-1430728,"Metabolism",7,3763,12,3999,0.23430884184308842,0.999936225180827,0.999936225180827,43,2371,0.15243667223865243,9606,Homo sapiens,"RPL41;UCP2;HMOX1;APOE;GAPDH;PLD3","P55851;P02649;P04406;P62945;Q96BZ4;P09601;Q8IV08",CCL5;CD74;ACTG1;VIM;CTSD;ARPC1B;FTH1;CD74;APOE;GAPDH;HMOX1;HLA-B,Q15800;P27144;Q9BYZ2;P15090;P31749;P02753;Q14974;Q08426;P21796;Q8NBJ7;P54819;Q9H5J4;Q16880;P01130;P42357;P31040;P10599;P02649;O00401;P37268,"R-HSA-110145;R-HSA-110144;R-HSA-1655835;R-HSA-2404135;R-HSA-166214;R-HSA-9854672;R-HSA-111751;R-HSA-2404131;R-HSA-6809263;R-HSA-2404140;R-HSA-2423785;R-HSA-166220;R-HSA-1483142;R-HSA-9947207;R-HSA-2065550;R-HSA-70482;R-HSA-194641;R-HSA-189398;R-HSA-9947203;R-HSA-6809264;R-HSA-1614336;R-HSA-6788798;R-HSA-202137;R-HSA-2424254;R-HSA-2395768;R-HSA-163549;R-HSA-9012374;R-HSA-9854961;R-HSA-6785933;R-HSA-2395784;R-HSA-203565;R-HSA-2429643;R-HSA-73646;R-HSA-194669;R-HSA-70449;R-HSA-166387;R-HSA-70899;R-HSA-1855214;R-HSA-1655850;R-HSA-2408529;R-HSA-6807826;R-HSA-111804;R-HSA-5333615"
R-HSA-162582,"Signal Transduction",12,3049,19,8599,0.1898505603985056,0.9999897992780916,0.9999897992780916,132,2584,0.16613089880416612,9606,Homo sapiens,"IL32;ARPC1B;CCL5;FN1;VIM;APOE;CTSD;ACTG1","ENSG00000130203;P24001;P07339;P63261;P08670;P60709;P02649;O15143;P13501;Q6S8J3;ENSG00000117984;P02751",CCL5;RPL41;FTH1;HLA-A;GAPDH;CD74;CD74;ACTG1;VIM;SH3BGRL3;VIM;CTSD;FN1;APOE;HLA-A;CD68;HMOX1;FN1;HLA-DQA1,P78556;Q8N6T7;Q6IAA8;P05556;P48061;Q16512;P31749;P31946;P06241;O95429;P25025;P17612;P23528;P02649;Q12933;P35222;Q6NXG1;P34925;P49023;Q5S007;P02655;O00308;P00533;P36507;O15467;Q16288;P52292;P08254;O15444;Q15058;Q13573;Q99873;P49841;P04792;P63104;P63244;P14136;Q99616;Q9P296;P13501;O43612,"R-HSA-5671763;R-HSA-5687121;R-HSA-5626962;R-HSA-3769393;R-HSA-9018778;R-HSA-5671749;R-HSA-177942;R-HSA-354066;R-HSA-6811504;R-HSA-2179387;R-HSA-3928608;R-HSA-354073;R-HSA-3769383;R-HSA-6803527;R-HSA-5625717;R-HSA-354087;R-HSA-109858;R-HSA-9632182;R-HSA-9619127;R-HSA-377644;R-HSA-109864;R-HSA-9018787;R-HSA-5218916;R-HSA-377641;R-HSA-377640;R-HSA-5665659;R-HSA-377643;R-HSA-5672824;R-HSA-373813;R-HSA-9018808;R-HSA-5626982;R-HSA-3772430;R-HSA-203070;R-HSA-373061;R-HSA-9612243;R-HSA-5672980;R-HSA-9624017;R-HSA-5672978;R-HSA-9612246;R-HSA-5218824;R-HSA-5665809;R-HSA-5323545;R-HSA-354124;R-HSA-9603548;R-HSA-8848596;R-HSA-443986;R-HSA-373073;R-HSA-5368580;R-HSA-9693125;R-HSA-5666049;R-HSA-5323526;R-HSA-373074;R-HSA-5218838;R-HSA-8848606;R-HSA-5672972;R-HSA-373087;R-HSA-8857565;R-HSA-5672973;R-HSA-9603534;R-HSA-5665802;R-HSA-354149;R-HSA-429415;R-HSA-8848611;R-HSA-377186;R-HSA-389487;R-HSA-3371353;R-HSA-180073;R-HSA-2179402;R-HSA-9657599;R-HSA-389481;R-HSA-9012196;R-HSA-5671737;R-HSA-5626938;R-HSA-354165;R-HSA-9604834;R-HSA-5671970;R-HSA-2179413;R-HSA-9604328;R-HSA-5357776;R-HSA-5665751;R-HSA-2029466;R-HSA-749454;R-HSA-429441;R-HSA-5666001;R-HSA-8862733;R-HSA-9657603;R-HSA-9657606;R-HSA-9851407;R-HSA-202137;R-HSA-9657608;R-HSA-112282;R-HSA-2197690;R-HSA-749456;R-HSA-9034016;R-HSA-380073;R-HSA-9674531;R-HSA-195251;R-HSA-5665767;R-HSA-5610732;R-HSA-2029473;R-HSA-5610730;R-HSA-3299569;R-HSA-374214;R-HSA-964811;R-HSA-4551555;R-HSA-201669;R-HSA-83656;R-HSA-83660;R-HSA-372693;R-HSA-9031512;R-HSA-201685;R-HSA-8874079;R-HSA-9021520;R-HSA-1253321;R-HSA-372697;R-HSA-5626507;R-HSA-8954199;R-HSA-372705;R-HSA-442592;R-HSA-5653936;R-HSA-8848751;R-HSA-5665982;R-HSA-9023840;R-HSA-195304;R-HSA-74730;R-HSA-9031522;R-HSA-9023845;R-HSA-9031527;R-HSA-9023846;R-HSA-5252001;R-HSA-5634221;R-HSA-9023861"
R-HSA-1643685,"Disease",9,2851,17,7306,0.17752179327521794,0.9999943042670303,0.9999943042670303,146,2011,0.1292915005786293,9606,Homo sapiens,"RPL41;ARPC1B;PCBP2;HLA-B;FN1;HMOX1;HLA-A;ACTG1","P63261;P60709;P04439;P01889;O15143;P62945;P09601;Q15366;P02751",PLD3;ARPC1B;FTH1;GAPDH;CD74;VIM;ACTG1;SH3BGRL3;VIM;CTSD;PCBP2;FN1;HLA-A;HLA-B;HMOX1;FN1;TAGLN2,P31749;Q14457;Q14974;P06241;P19838;P59594;P35228;P04578;P61769;P00533;P36507;P52292;Q9UER7;P40692;Q99873;P49841;P05067;Q9Y6K9;P40337;Q9BYF1;P0DTC3;P13569;P00558;P10599;P0DTC2;Q9UHD2;P0DTC8,"R-HSA-9656211;R-HSA-9656209;R-HSA-9656215;R-HSA-9656214;R-HSA-182279;R-HSA-9666458;R-HSA-9638552;R-HSA-4839746;R-HSA-182286;R-HSA-9694364;R-HSA-9694337;R-HSA-9694341;R-HSA-171291;R-HSA-9695415;R-HSA-9686710;R-HSA-2400001;R-HSA-9694392;R-HSA-9699007;R-HSA-2219536;R-HSA-9636261;R-HSA-9837231;R-HSA-9683624;R-HSA-9700266;R-HSA-9698988;R-HSA-9687724;R-HSA-9712084;R-HSA-9712085;R-HSA-2243942;R-HSA-6803234;R-HSA-9766608;R-HSA-6803233;R-HSA-9712083;R-HSA-9670619;R-HSA-9755359;R-HSA-192841;R-HSA-9755354;R-HSA-9755328;R-HSA-9694662;R-HSA-9694661;R-HSA-9683653;R-HSA-9685189;R-HSA-9724099;R-HSA-9686731;R-HSA-9685195;R-HSA-9712078;R-HSA-9712079;R-HSA-9683663;R-HSA-9770187;R-HSA-9754827;R-HSA-5228840;R-HSA-9683455;R-HSA-9694718;R-HSA-9705959;R-HSA-168310;R-HSA-9706977;R-HSA-9694438;R-HSA-6803230;R-HSA-6803227;R-HSA-9694447;R-HSA-168317;R-HSA-4839734;R-HSA-6802919;R-HSA-9831702;R-HSA-6802918;R-HSA-2029466;R-HSA-6802914;R-HSA-6802912;R-HSA-6802926;R-HSA-6802925;R-HSA-6802922;R-HSA-983426;R-HSA-6802921;R-HSA-6802935;R-HSA-9637635;R-HSA-9694467;R-HSA-6802934;R-HSA-6802933;R-HSA-6802932;R-HSA-5211356;R-HSA-9683719;R-HSA-9932034;R-HSA-9729283;R-HSA-6802943;R-HSA-6802942;R-HSA-2197690;R-HSA-174494;R-HSA-174493;R-HSA-9636658;R-HSA-9678128;R-HSA-9705010;R-HSA-8863009;R-HSA-4791278;R-HSA-9694520;R-HSA-8866857;R-HSA-9694780;R-HSA-9683772;R-HSA-8870710;R-HSA-9683488;R-HSA-9696807;R-HSA-1248677;R-HSA-9700131;R-HSA-6802911;R-HSA-9683755;R-HSA-6802910;R-HSA-2029473;R-HSA-9700181;R-HSA-192704;R-HSA-9621073;R-HSA-2399969;R-HSA-9700179;R-HSA-9705299;R-HSA-1861595;R-HSA-2399981;R-HSA-9700190;R-HSA-2399982;R-HSA-1250264;R-HSA-2399977;R-HSA-5679000;R-HSA-200908;R-HSA-2399988;R-HSA-2399985;R-HSA-9850958;R-HSA-2399996;R-HSA-9694794;R-HSA-2399997;R-HSA-9770063;R-HSA-9694793;R-HSA-2399999;R-HSA-9694287;R-HSA-2399992;R-HSA-9727305;R-HSA-1250253;R-HSA-9694579;R-HSA-182243;R-HSA-2399941;R-HSA-9733495;R-HSA-442592;R-HSA-180709;R-HSA-5632958;R-HSA-1247999;R-HSA-9705082;R-HSA-1250272;R-HSA-9700193;R-HSA-182263;R-HSA-2399966;R-HSA-1250280"
R-HSA-212436,"Generic Transcription Pathway",2,1573,10,5908,0.09794520547945205,0.9999999921504857,0.9999999921504857,32,879,0.056512794136556514,9606,Homo sapiens,"APOE","ENSG00000130203;P02649",ACTG1;SH3BGRL3;VIM;FN1;FTH1;HLA-A;HLA-DRB5;GAPDH;APOE;TAGLN2,P08648;P02452;P51451;P04626;P00533;Q9UER7;Q13573;P40692;Q99873;P49841;Q92574;Q92696;P29279;O14757;P17931;P55040;P42858;P10599;P02649;P35222,"R-HSA-8869575;R-HSA-3215152;R-HSA-8938382;R-HSA-212356;R-HSA-3222072;R-HSA-8853965;R-HSA-3215295;R-HSA-8869590;R-HSA-9617735;R-HSA-8864466;R-HSA-9008476;R-HSA-1989766;R-HSA-8939667;R-HSA-8934742;R-HSA-6806392;R-HSA-9023592;R-HSA-9769014;R-HSA-8938987;R-HSA-8985644;R-HSA-6801089;R-HSA-6799246;R-HSA-8874797;R-HSA-6801101;R-HSA-3341343;R-HSA-9007591;R-HSA-350058;R-HSA-73646;R-HSA-5252001;R-HSA-9007546;R-HSA-165179;R-HSA-9007539;R-HSA-8935732"
R-HSA-73857,"RNA Polymerase II Transcription",2,1715,10,6080,0.10678704856787048,0.9999999965959683,0.9999999965959683,32,940,0.06043461489006043,9606,Homo sapiens,"APOE","ENSG00000130203;P02649",ACTG1;SH3BGRL3;VIM;FN1;FTH1;HLA-A;HLA-DRB5;GAPDH;APOE;TAGLN2,P08648;P02452;P51451;P04626;P00533;Q9UER7;Q13573;P40692;Q99873;P49841;Q92574;Q92696;P29279;O14757;P17931;P55040;P42858;P10599;P02649;P35222,"R-HSA-8869575;R-HSA-3215152;R-HSA-8938382;R-HSA-212356;R-HSA-3222072;R-HSA-8853965;R-HSA-3215295;R-HSA-8869590;R-HSA-9617735;R-HSA-8864466;R-HSA-9008476;R-HSA-1989766;R-HSA-8939667;R-HSA-8934742;R-HSA-6806392;R-HSA-9023592;R-HSA-9769014;R-HSA-8938987;R-HSA-8985644;R-HSA-6801089;R-HSA-6799246;R-HSA-8874797;R-HSA-6801101;R-HSA-3341343;R-HSA-9007591;R-HSA-350058;R-HSA-73646;R-HSA-5252001;R-HSA-9007546;R-HSA-165179;R-HSA-9007539;R-HSA-8935732"
R-HSA-74160,"Gene expression (Transcription)",3,1990,12,6771,0.12391033623910336,0.9999999969717327,0.9999999969717327,39,1140,0.0732930435900733,9606,Homo sapiens,"APOE;ACTG1","ENSG00000130203;P60709;P02649",ACTG1;SH3BGRL3;VIM;IL32;FN1;FTH1;HLA-A;HLA-DRB5;GAPDH;APOE;HMOX1;TAGLN2,P08648;P51451;P60709;P04626;P49715;P17931;P02649;P35222;P02452;P15090;P00533;Q9NYP7;Q9UER7;Q13573;P40692;Q99873;P49841;Q92574;Q92696;P29279;O14757;P55040;P42858;P10599,"R-HSA-8869575;R-HSA-3215152;R-HSA-8938382;R-HSA-212356;R-HSA-3222072;R-HSA-8853965;R-HSA-3215295;R-HSA-9727450;R-HSA-8869590;R-HSA-5250947;R-HSA-9617735;R-HSA-8864466;R-HSA-9008476;R-HSA-1989766;R-HSA-8939667;R-HSA-8934742;R-HSA-6806392;R-HSA-9023592;R-HSA-9769014;R-HSA-8938987;R-HSA-8985644;R-HSA-6801089;R-HSA-9854142;R-HSA-6799246;R-HSA-9842815;R-HSA-8874797;R-HSA-9843900;R-HSA-6801101;R-HSA-9845308;R-HSA-3341343;R-HSA-9007591;R-HSA-350058;R-HSA-73646;R-HSA-9856486;R-HSA-5252001;R-HSA-9007546;R-HSA-165179;R-HSA-9007539;R-HSA-8935732"
